{
	"credit": "Made with Blockbench",
	"texture_size": [48, 32],
	"textures": {
		"0": "./sawed",
		"particle": "./sawed"
	},
	"elements": [
		{
			"from": [8, 9, 13],
			"to": [8, 10.5, 18],
			"rotation": {"angle": 0, "axis": "x", "origin": [8, 11, 13]},
			"faces": {
				"north": {"uv": [0, 0, 0, 3], "texture": "#0"},
				"east": {"uv": [7.33333, 14.5, 4, 16], "texture": "#0"},
				"south": {"uv": [0, 0, 0, 3], "texture": "#0"},
				"west": {"uv": [4, 14.5, 7.33333, 16], "texture": "#0"},
				"up": {"uv": [0, 0, 0, 2], "texture": "#0"},
				"down": {"uv": [0, 0, 0, 2], "texture": "#0"}
			}
		},
		{
			"from": [6.75, 10.5, 10],
			"to": [9.25, 13.5, 16],
			"rotation": {"angle": 0, "axis": "x", "origin": [8.25, 10.5, 19]},
			"faces": {
				"north": {"uv": [4, 9, 5.66667, 12], "texture": "#0"},
				"east": {"uv": [4, 9, 0, 12], "texture": "#0"},
				"south": {"uv": [3.66667, 9, 4, 12], "texture": "#0"},
				"west": {"uv": [0, 9, 4, 12], "texture": "#0"},
				"up": {"uv": [0, 12, 4, 12.5], "rotation": 90, "texture": "#0"},
				"down": {"uv": [0, 12.5, 4, 15], "rotation": 270, "texture": "#0"}
			}
		},
		{
			"from": [6.5, 12.5, 13.5],
			"to": [9.5, 14, 15],
			"rotation": {"angle": 0, "axis": "x", "origin": [8, 11, 40.5]},
			"faces": {
				"north": {"uv": [2, 7.5, 0, 9], "texture": "#0"},
				"east": {"uv": [12, 0, 11, 1.5], "texture": "#0"},
				"south": {"uv": [0, 7.5, 2, 9], "texture": "#0"},
				"west": {"uv": [11, 0, 12, 1.5], "texture": "#0"},
				"up": {"uv": [11, 1.5, 12, 4.5], "rotation": 90, "texture": "#0"},
				"down": {"uv": [11, 4.5, 12, 7.5], "rotation": 270, "texture": "#0"}
			}
		},
		{
			"from": [6.5, 12.5, -3],
			"to": [9.5, 14, 13.5],
			"rotation": {"angle": 0, "axis": "x", "origin": [8, 12.5, 10]},
			"faces": {
				"north": {"uv": [2, 7.5, 4, 9], "texture": "#0"},
				"east": {"uv": [11, 0, 0, 1.5], "texture": "#0"},
				"south": {"uv": [2, 7.5, 4, 9], "texture": "#0"},
				"west": {"uv": [0, 0, 11, 1.5], "texture": "#0"},
				"up": {"uv": [0, 1.5, 11, 4.5], "rotation": 90, "texture": "#0"},
				"down": {"uv": [0, 4.5, 11, 7.5], "rotation": 270, "texture": "#0"}
			}
		},
		{
			"from": [7, 11, 4],
			"to": [9, 12.5, 10],
			"rotation": {"angle": 0, "axis": "x", "origin": [8, 12.5, 10]},
			"faces": {
				"north": {"uv": [12, 9.5, 13.33334, 11], "texture": "#0"},
				"east": {"uv": [12, 9.5, 8, 11], "texture": "#0"},
				"south": {"uv": [11.66667, 9.5, 12, 11], "texture": "#0"},
				"west": {"uv": [8, 9.5, 12, 11], "texture": "#0"},
				"up": {"uv": [2.5, 0.66667, 6, 1], "rotation": 90, "texture": "#0"},
				"down": {"uv": [8, 11, 12, 13], "rotation": 270, "texture": "#0"}
			}
		},
		{
			"from": [7, 10.5, 16],
			"to": [9, 13, 20],
			"rotation": {"angle": 22.5, "axis": "x", "origin": [8, 13, 16]},
			"faces": {
				"north": {"uv": [0, 0, 2, 2], "texture": "#0"},
				"east": {"uv": [15.66667, 11.5, 13, 14], "texture": "#0"},
				"south": {"uv": [15.33333, 11.5, 15.66666, 14], "texture": "#0"},
				"west": {"uv": [13, 11.5, 15.66667, 14], "texture": "#0"},
				"up": {"uv": [13.33333, 14, 15.99999, 16], "rotation": 90, "texture": "#0"},
				"down": {"uv": [13, 14, 15.66667, 16], "rotation": 270, "texture": "#0"}
			}
		},
		{
			"from": [7.25, 12.06879, 19.88686],
			"to": [8.75, 14.06879, 22.88686],
			"rotation": {"angle": 45, "axis": "x", "origin": [8, 13, 16]},
			"faces": {
				"north": {"uv": [0, 0, 2, 2], "texture": "#0"},
				"east": {"uv": [7.66667, 7.5, 5.66667, 9.5], "texture": "#0"},
				"south": {"uv": [7.33333, 7.5, 7.66667, 9.5], "texture": "#0"},
				"west": {"uv": [5.66667, 7.5, 7.66667, 9.5], "texture": "#0"},
				"up": {"uv": [6, 9.5, 8, 11], "rotation": 90, "texture": "#0"},
				"down": {"uv": [5.66667, 9.5, 7.66667, 11], "rotation": 270, "texture": "#0"}
			}
		}
	],
	"display": {
		"thirdperson_righthand": {
			"rotation": [43, 2, -1.5],
			"translation": [-0.5, 2, -4.75],
			"scale": [0.8, 0.8, 0.8]
		},
		"thirdperson_lefthand": {
			"rotation": [43, 2, -1.5],
			"translation": [-0.5, 2, -4.75],
			"scale": [0.8, 0.8, 0.8]
		},
		"firstperson_righthand": {
			"rotation": [3, -0.5, 2.5],
			"translation": [-0.5, -1.5, -6.5]
		},
		"firstperson_lefthand": {
			"rotation": [3, -0.5, 2.5],
			"translation": [-0.5, -1.5, -6.5]
		},
		"ground": {
			"rotation": [0, 0, 90],
			"translation": [3.75, -1.75, -1],
			"scale": [0.8, 0.8, 0.8]
		},
		"gui": {
			"rotation": [-35, 135, 5],
			"translation": [-0.75, -1.75, 0],
			"scale": [0.8, 0.8, 0.8]
		},
		"head": {
			"rotation": [90, 20, 90],
			"translation": [2, -2, 7.75]
		},
		"fixed": {
			"rotation": [0, 90, 0],
			"translation": [-0.75, -4.5, -1]
		}
	},
	"groups": [0, 1, 2,
		{
			"name": "group",
			"origin": [8.5, 11.25, 13],
			"children": [3, 4]
		},
		{
			"name": "group",
			"origin": [9.25, 13, 22],
			"children": [5, 6]
		}
	]
}