{
	"credit": "Made with Blockbench",
	"texture_size": [32, 32],
	"textures": {
		"0": "./books2",
		"particle": "./books2"
	},
	"elements": [
		{
			"from": [5, 0, 3],
			"to": [11, 1, 13],
			"rotation": {"angle": 0, "axis": "y", "origin": [7.5, 0.5, 8]},
			"faces": {
				"north": {"uv": [0, 5.5, 3, 5], "texture": "#0"},
				"east": {"uv": [3, 0, 3.5, 5], "rotation": 270, "texture": "#0"},
				"south": {"uv": [0, 5.5, 3, 5], "texture": "#0"},
				"west": {"uv": [3, 0, 3.5, 5], "rotation": 90, "texture": "#0"},
				"up": {"uv": [0, 0, 3, 5], "rotation": 180, "texture": "#0"},
				"down": {"uv": [3.5, 0, 6.5, 5], "texture": "#0"}
			}
		},
		{
			"from": [5, -1, 11],
			"to": [11, -1, 13],
			"rotation": {"angle": 0, "axis": "y", "origin": [7.5, 0.5, 8]},
			"faces": {
				"north": {"uv": [0, 6, 4, 5.5], "texture": "#0"},
				"east": {"uv": [4, 0, 4.5, 5.5], "rotation": 90, "texture": "#0"},
				"south": {"uv": [0, 5.5, 4, 6], "texture": "#0"},
				"west": {"uv": [4, 0, 4.5, 5.5], "rotation": 90, "texture": "#0"},
				"up": {"uv": [0, 6, 3, 7], "rotation": 180, "texture": "#0"},
				"down": {"uv": [3, 6, 0, 7], "texture": "#0"}
			}
		},
		{
			"from": [5, -1, 13],
			"to": [11, 0, 13],
			"rotation": {"angle": 0, "axis": "y", "origin": [7.5, 0.5, 8]},
			"faces": {
				"north": {"uv": [3, 6, 0, 5.5], "texture": "#0"},
				"east": {"uv": [4, 0, 4.5, 5.5], "rotation": 90, "texture": "#0"},
				"south": {"uv": [0, 5.5, 3, 6], "texture": "#0"},
				"west": {"uv": [4, 0, 4.5, 5.5], "rotation": 90, "texture": "#0"},
				"up": {"uv": [0, 6, 3, 7], "rotation": 180, "texture": "#0"},
				"down": {"uv": [3, 6, 0, 7], "texture": "#0"}
			}
		},
		{
			"from": [5, 1, 3],
			"to": [7, 1.25, 5],
			"rotation": {"angle": 0, "axis": "y", "origin": [7.5, 0.5, 8]},
			"faces": {
				"up": {"uv": [3, 5, 4, 6], "rotation": 180, "texture": "#0"}
			}
		}
	],
	"display": {
		"thirdperson_righthand": {
			"rotation": [-90, 4, 173],
			"translation": [-2.75, 2.75, 8]
		},
		"thirdperson_lefthand": {
			"rotation": [-90, 4, 95],
			"translation": [-7.5, -0.75, -0.5]
		},
		"firstperson_righthand": {
			"rotation": [20, -180, -12],
			"translation": [-1.5, 7.5, 0.5]
		},
		"firstperson_lefthand": {
			"rotation": [66, -180, -80],
			"translation": [-6.75, 2, 1.5]
		},
		"ground": {
			"translation": [0, 6, 0]
		},
		"gui": {
			"rotation": [54, 164, 0],
			"translation": [0, 5, 0],
			"scale": [1.1, 1.1, 1.1]
		},
		"head": {
			"translation": [0, 19.5, 0],
			"scale": [1.66, 1.66, 1.66]
		},
		"fixed": {
			"rotation": [-90, 0, 0],
			"translation": [0, 0, -14],
			"scale": [2, 2, 2]
		}
	}
}