{
	"credit": "Made with Blockbench",
	"texture_size": [32, 32],
	"textures": {
		"0": "./computer_screen",
		"particle": "./computer_screen"
	},
	"elements": [
		{
			"from": [0, 2, 6],
			"to": [16, 13, 8],
			"rotation": {"angle": 0, "axis": "x", "origin": [1.5, 1, 13]},
			"faces": {
				"north": {"uv": [0, 0, 8, 5.5], "texture": "#0"},
				"east": {"uv": [8, 0, 9, 5.5], "texture": "#0"},
				"south": {"uv": [0, 7.5, 8, 13], "texture": "#0"},
				"west": {"uv": [9, 0, 8, 5.5], "texture": "#0"},
				"up": {"uv": [0, 6.5, 8, 7.5], "texture": "#0"},
				"down": {"uv": [0, 5.5, 8, 6.5], "texture": "#0"}
			}
		},
		{
			"from": [6, 1, 7],
			"to": [10, 8, 9],
			"rotation": {"angle": 0, "axis": "x", "origin": [1.5, 1, 13]},
			"faces": {
				"north": {"uv": [9, 0, 11, 3.5], "texture": "#0"},
				"east": {"uv": [11, 0, 12, 3.5], "texture": "#0"},
				"south": {"uv": [9, 0, 11, 3.5], "texture": "#0"},
				"west": {"uv": [12, 0, 11, 3.5], "texture": "#0"},
				"up": {"uv": [9, 3.5, 11, 4.5], "texture": "#0"},
				"down": {"uv": [0, 5, 7, 5.5], "texture": "#0"}
			}
		},
		{
			"from": [4, 0, 5],
			"to": [12, 1, 11],
			"rotation": {"angle": 0, "axis": "y", "origin": [10.5, 8, 12]},
			"faces": {
				"north": {"uv": [8, 8.5, 12, 9], "texture": "#0"},
				"east": {"uv": [11.5, 5.5, 12, 8.5], "rotation": 270, "texture": "#0"},
				"south": {"uv": [8, 8, 12, 8.5], "texture": "#0"},
				"west": {"uv": [8.5, 5.5, 8, 8.5], "rotation": 270, "texture": "#0"},
				"up": {"uv": [8, 5.5, 12, 8.5], "texture": "#0"},
				"down": {"uv": [8, 9, 12, 12], "rotation": 180, "texture": "#0"}
			}
		}
	],
	"display": {
		"thirdperson_righthand": {
			"rotation": [20, 38, 0],
			"translation": [-1.25, 4, 1.75]
		},
		"thirdperson_lefthand": {
			"rotation": [20, 38, 0],
			"translation": [-1.25, 4, 1.75]
		},
		"firstperson_righthand": {
			"rotation": [0, 105, 11],
			"translation": [1.75, 5.25, -2.25]
		},
		"firstperson_lefthand": {
			"rotation": [0, 105, 11],
			"translation": [1.75, 5.25, -2.25]
		},
		"ground": {
			"translation": [0, 5, 0]
		},
		"gui": {
			"rotation": [35, 135, 0],
			"translation": [0.5, 0.5, 0],
			"scale": [0.77, 0.77, 0.77]
		},
		"head": {
			"translation": [0, 19.5, 0],
			"scale": [1.66, 1.66, 1.66]
		},
		"fixed": {
			"rotation": [-90, 0, 0],
			"translation": [0, 0, -14],
			"scale": [2, 2, 2]
		}
	}
}