{
	"credit": "Made with Blockbench",
	"texture_size": [48, 48],
	"textures": {
		"0": "./kapel",
		"particle": "./kapel"
	},
	"elements": [
		{
			"from": [10.5, 20, 6],
			"to": [14.5, 24, 10],
			"rotation": {"angle": 0, "axis": "x", "origin": [8, 18, 8]},
			"faces": {
				"north": {"uv": [10.66667, 1.33333, 12, 2.66667], "texture": "#0"},
				"east": {"uv": [9.33333, 1.33333, 10.66667, 2.66667], "texture": "#0"},
				"south": {"uv": [10.66667, 1.33333, 12, 2.66667], "texture": "#0"},
				"west": {"uv": [9.33333, 1.33333, 10.66667, 2.66667], "texture": "#0"},
				"up": {"uv": [9.33333, 0, 10.66667, 1.33333], "rotation": 180, "texture": "#0"},
				"down": {"uv": [10.66667, 0, 12, 1.33333], "rotation": 270, "texture": "#0"}
			}
		},
		{
			"from": [11, 20.5, 6.5],
			"to": [14, 23.5, 9.5],
			"rotation": {"angle": 0, "axis": "x", "origin": [8, 18, 8]},
			"faces": {
				"north": {"uv": [11.33333, 3.66667, 12.33333, 4.66667], "texture": "#0"},
				"east": {"uv": [10.33333, 3.66667, 11.33333, 4.66667], "texture": "#0"},
				"south": {"uv": [9.33333, 3.66667, 10.33333, 4.66667], "texture": "#0"},
				"west": {"uv": [12.33333, 3.66667, 13.33333, 4.66667], "texture": "#0"},
				"up": {"uv": [10.33333, 2.66667, 11.33333, 3.66667], "rotation": 270, "texture": "#0"},
				"down": {"uv": [11.33333, 2.66667, 12.33333, 3.66667], "texture": "#0"}
			}
		},
		{
			"from": [14.5, 20, 6],
			"to": [10.5, 24, 10],
			"rotation": {"angle": 0, "axis": "x", "origin": [8, 18, 8]},
			"faces": {
				"north": {"uv": [12, 1.33333, 10.66667, 2.66667], "texture": "#0"},
				"east": {"uv": [10.66667, 1.33333, 9.33333, 2.66667], "texture": "#0"},
				"south": {"uv": [12, 1.33333, 10.66667, 2.66667], "texture": "#0"},
				"west": {"uv": [10.66667, 1.33333, 9.33333, 2.66667], "texture": "#0"},
				"up": {"uv": [10.66667, 0, 9.33333, 1.33333], "rotation": 180, "texture": "#0"},
				"down": {"uv": [12, 0, 10.66667, 1.33333], "rotation": 90, "texture": "#0"}
			}
		},
		{
			"from": [1.5, 20, 6],
			"to": [5.5, 24, 10],
			"rotation": {"angle": 0, "axis": "x", "origin": [8, 18, 8]},
			"faces": {
				"north": {"uv": [10.66667, 1.33333, 12, 2.66667], "texture": "#0"},
				"east": {"uv": [9.33333, 1.33333, 10.66667, 2.66667], "texture": "#0"},
				"south": {"uv": [10.66667, 1.33333, 12, 2.66667], "texture": "#0"},
				"west": {"uv": [9.33333, 1.33333, 10.66667, 2.66667], "texture": "#0"},
				"up": {"uv": [9.33333, 0, 10.66667, 1.33333], "rotation": 180, "texture": "#0"},
				"down": {"uv": [10.66667, 0, 12, 1.33333], "rotation": 270, "texture": "#0"}
			}
		},
		{
			"from": [7, 29, 7],
			"to": [9, 29, 9],
			"rotation": {"angle": 0, "axis": "x", "origin": [8, 18, 8]},
			"faces": {
				"north": {"uv": [10.66667, 1.33333, 12, 2.66667], "texture": "#0"},
				"east": {"uv": [9.33333, 1.33333, 10.66667, 2.66667], "texture": "#0"},
				"south": {"uv": [10.66667, 1.33333, 12, 2.66667], "texture": "#0"},
				"west": {"uv": [9.33333, 1.33333, 10.66667, 2.66667], "texture": "#0"},
				"up": {"uv": [12, 0, 12.66667, 0.66667], "rotation": 90, "texture": "#0"},
				"down": {"uv": [12, 0, 12.66667, 0.66667], "rotation": 90, "texture": "#0"}
			}
		},
		{
			"from": [7, 3, 7],
			"to": [9, 3, 9],
			"rotation": {"angle": 0, "axis": "x", "origin": [8, 18, 8]},
			"faces": {
				"north": {"uv": [10.66667, 1.33333, 12, 2.66667], "texture": "#0"},
				"east": {"uv": [9.33333, 1.33333, 10.66667, 2.66667], "texture": "#0"},
				"south": {"uv": [10.66667, 1.33333, 12, 2.66667], "texture": "#0"},
				"west": {"uv": [9.33333, 1.33333, 10.66667, 2.66667], "texture": "#0"},
				"up": {"uv": [12, 0, 12.66667, 0.66667], "rotation": 90, "texture": "#0"},
				"down": {"uv": [12, 0, 12.66667, 0.66667], "rotation": 90, "texture": "#0"}
			}
		},
		{
			"from": [2, 20.5, 6.5],
			"to": [5, 23.5, 9.5],
			"rotation": {"angle": 0, "axis": "x", "origin": [8, 18, 8]},
			"faces": {
				"north": {"uv": [11.33333, 5.66667, 12.33333, 6.66667], "texture": "#0"},
				"east": {"uv": [10.33333, 5.66667, 11.33333, 6.66667], "texture": "#0"},
				"south": {"uv": [9.33333, 5.66667, 10.33333, 6.66667], "texture": "#0"},
				"west": {"uv": [12.33333, 5.66667, 13.33333, 6.66667], "texture": "#0"},
				"up": {"uv": [10.33333, 4.66667, 11.33333, 5.66667], "rotation": 270, "texture": "#0"},
				"down": {"uv": [11.33333, 4.66667, 12.33333, 5.66667], "texture": "#0"}
			}
		},
		{
			"from": [5.5, 20, 6],
			"to": [1.5, 24, 10],
			"rotation": {"angle": 0, "axis": "x", "origin": [8, 18, 8]},
			"faces": {
				"north": {"uv": [12, 1.33333, 10.66667, 2.66667], "texture": "#0"},
				"east": {"uv": [10.66667, 1.33333, 9.33333, 2.66667], "texture": "#0"},
				"south": {"uv": [12, 1.33333, 10.66667, 2.66667], "texture": "#0"},
				"west": {"uv": [10.66667, 1.33333, 9.33333, 2.66667], "texture": "#0"},
				"up": {"uv": [10.66667, 0, 9.33333, 1.33333], "rotation": 180, "texture": "#0"},
				"down": {"uv": [12, 0, 10.66667, 1.33333], "rotation": 90, "texture": "#0"}
			}
		},
		{
			"from": [8, 0, 1],
			"to": [8, 30, 15],
			"rotation": {"angle": 0, "axis": "y", "origin": [17, 24, 15]},
			"faces": {
				"north": {"uv": [0, 7, 1, 13.5], "texture": "#0"},
				"east": {"uv": [4.66667, 0, 9.33333, 10], "texture": "#0"},
				"south": {"uv": [0, 7, 1, 13.5], "texture": "#0"},
				"west": {"uv": [4.66667, 0, 9.33333, 10], "texture": "#0"},
				"up": {"uv": [0, 7, 1, 8], "texture": "#0"},
				"down": {"uv": [0, 12, 1, 13], "texture": "#0"}
			}
		},
		{
			"from": [1, 0, 8],
			"to": [15, 30, 8],
			"rotation": {"angle": 0, "axis": "y", "origin": [17, 24, 15]},
			"faces": {
				"north": {"uv": [0, 0, 4.66667, 10], "texture": "#0"},
				"east": {"uv": [0, 7, 1, 13.5], "texture": "#0"},
				"south": {"uv": [4.66667, 0, 0, 10], "texture": "#0"},
				"west": {"uv": [0, 7, 1, 13.5], "texture": "#0"},
				"up": {"uv": [0, 7, 1, 8], "texture": "#0"},
				"down": {"uv": [0, 12, 1, 13], "texture": "#0"}
			}
		}
	],
	"gui_light": "front",
	"display": {
		"thirdperson_righthand": {
			"rotation": [10, 180, -15],
			"translation": [0.75, -4.75, 1],
			"scale": [0.9, 0.9, 0.9]
		},
		"thirdperson_lefthand": {
			"rotation": [10, 180, -15],
			"translation": [0.75, -4.75, 1],
			"scale": [0.9, 0.9, 0.9]
		},
		"firstperson_righthand": {
			"rotation": [-10, -35, 20],
			"translation": [6.75, -9.5, -0.25]
		},
		"firstperson_lefthand": {
			"rotation": [-10, -35, 20],
			"translation": [6.75, -9.5, -0.25]
		},
		"ground": {
			"translation": [0, 5, 0]
		},
		"gui": {
			"rotation": [35, 135, 0],
			"translation": [0.25, -2.75, 0],
			"scale": [0.5, 0.5, 0.5]
		},
		"head": {
			"translation": [0, -31.5, -15.25],
			"scale": [1.6, 1.6, 1.6]
		},
		"fixed": {
			"rotation": [-90, 0, 0],
			"translation": [0, 0, -14],
			"scale": [2, 2, 2]
		}
	}
}