{
	"credit": "Made with Blockbench",
	"texture_size": [32, 32],
	"textures": {
		"0": "./konus",
		"particle": "./konus"
	},
	"elements": [
		{
			"from": [2, 0, 2],
			"to": [14, 1, 14],
			"rotation": {"angle": 0, "axis": "y", "origin": [8.5, 8, 19]},
			"faces": {
				"north": {"uv": [0, 0, 6, 0.5], "rotation": 180, "texture": "#0"},
				"east": {"uv": [5.5, 0, 6, 6], "rotation": 90, "texture": "#0"},
				"south": {"uv": [0, 5.5, 6, 6], "texture": "#0"},
				"west": {"uv": [0, 6, 0.5, 0], "rotation": 90, "texture": "#0"},
				"up": {"uv": [0, 0, 6, 6], "texture": "#0"},
				"down": {"uv": [0, 0, 6, 6], "texture": "#0"}
			}
		},
		{
			"from": [5, 5, 5],
			"to": [11, 10, 11],
			"rotation": {"angle": 0, "axis": "y", "origin": [8.5, 8, 19]},
			"faces": {
				"north": {"uv": [8.5, 2, 11.5, 4.5], "texture": "#0"},
				"east": {"uv": [11.5, 2, 8.5, 4.5], "texture": "#0"},
				"south": {"uv": [8.5, 2, 11.5, 4.5], "texture": "#0"},
				"west": {"uv": [11.5, 2, 8.5, 4.5], "texture": "#0"},
				"up": {"uv": [12, 0, 15, 3], "texture": "#0"}
			}
		},
		{
			"from": [4, 1, 4],
			"to": [12, 5, 12],
			"rotation": {"angle": 0, "axis": "y", "origin": [8.5, 8, 19]},
			"faces": {
				"north": {"uv": [8, 4.5, 12, 6.5], "texture": "#0"},
				"east": {"uv": [12, 4.5, 8, 6.5], "texture": "#0"},
				"south": {"uv": [8, 4.5, 12, 6.5], "texture": "#0"},
				"west": {"uv": [12, 4.5, 8, 6.5], "texture": "#0"},
				"up": {"uv": [12, 3, 16, 7], "texture": "#0"}
			}
		},
		{
			"from": [6, 10, 6],
			"to": [10, 14, 10],
			"rotation": {"angle": 0, "axis": "y", "origin": [8.5, 8, 19]},
			"faces": {
				"north": {"uv": [9, 0, 11, 2], "texture": "#0"},
				"east": {"uv": [11, 0, 9, 2], "texture": "#0"},
				"south": {"uv": [9, 0, 11, 2], "texture": "#0"},
				"west": {"uv": [11, 0, 9, 2], "texture": "#0"},
				"up": {"uv": [6, 0, 8, 2], "texture": "#0"}
			}
		}
	],
	"display": {
		"thirdperson_righthand": {
			"rotation": [71, 21, 39],
			"translation": [-9.25, 1.25, 4.5]
		},
		"thirdperson_lefthand": {
			"rotation": [71, 21, 39],
			"translation": [-9.25, 1.25, 4.5]
		},
		"firstperson_righthand": {
			"rotation": [-3, 11, 25],
			"translation": [-1.5, 2, -2]
		},
		"firstperson_lefthand": {
			"rotation": [-3, 11, 25],
			"translation": [-1.5, 2, -2]
		},
		"ground": {
			"translation": [0, 5.5, 0]
		},
		"gui": {
			"rotation": [35, 135, 0],
			"translation": [0, 2, 0],
			"scale": [0.85, 0.85, 0.85]
		},
		"head": {
			"translation": [0, 19, 0],
			"scale": [1.66, 1.66, 1.66]
		},
		"fixed": {
			"rotation": [-90, 0, 0],
			"translation": [0, 0, -14],
			"scale": [2, 2, 2]
		}
	}
}