{
	"credit": "Made with Blockbench",
	"texture_size": [64, 32],
	"textures": {
		"0": "./photogr",
		"particle": "./photogr"
	},
	"elements": [
		{
			"from": [4, 5, 6],
			"to": [4, 15, 12],
			"rotation": {"angle": 0, "axis": "y", "origin": [12, 15, 12]},
			"faces": {
				"north": {"uv": [2, 4, 4, 8], "texture": "#0"},
				"east": {"uv": [6, 4, 4.5, 9], "texture": "#0"},
				"south": {"uv": [6, 4, 8, 8], "texture": "#0"},
				"west": {"uv": [4.5, 4, 6, 9], "texture": "#0"},
				"up": {"uv": [2, 0, 4, 4], "rotation": 180, "texture": "#0"},
				"down": {"uv": [4, 0, 6, 4], "texture": "#0"}
			}
		},
		{
			"from": [12, 5, 6],
			"to": [12, 15, 12],
			"rotation": {"angle": 0, "axis": "y", "origin": [20, 15, 12]},
			"faces": {
				"north": {"uv": [2, 4, 4, 8], "texture": "#0"},
				"east": {"uv": [0, 4, 1.5, 9], "texture": "#0"},
				"south": {"uv": [6, 4, 8, 8], "texture": "#0"},
				"west": {"uv": [1.5, 4, 0, 9], "texture": "#0"},
				"up": {"uv": [2, 0, 4, 4], "rotation": 180, "texture": "#0"},
				"down": {"uv": [4, 0, 6, 4], "texture": "#0"}
			}
		},
		{
			"from": [2, 15, -1],
			"to": [14, 15, 6],
			"rotation": {"angle": 0, "axis": "y", "origin": [12, 15, 12]},
			"faces": {
				"north": {"uv": [2, 9, 4, 13], "texture": "#0"},
				"east": {"uv": [0, 4, 2, 8], "texture": "#0"},
				"south": {"uv": [4, 9, 2, 13], "texture": "#0"},
				"west": {"uv": [12, 12, 14, 16], "texture": "#0"},
				"up": {"uv": [9.5, 4, 12.5, 7.5], "rotation": 180, "texture": "#0"},
				"down": {"uv": [9.5, 4, 12.5, 7.5], "texture": "#0"}
			}
		},
		{
			"from": [2, 7, 6],
			"to": [14, 15, 6],
			"rotation": {"angle": 0, "axis": "y", "origin": [12, 15, 12]},
			"faces": {
				"north": {"uv": [9.5, 0, 12.5, 4], "texture": "#0"},
				"east": {"uv": [0, 4, 2, 8], "texture": "#0"},
				"south": {"uv": [12.5, 0, 9.5, 4], "texture": "#0"},
				"west": {"uv": [12, 12, 14, 16], "texture": "#0"},
				"up": {"uv": [2, 0, 4, 4], "rotation": 180, "texture": "#0"},
				"down": {"uv": [4, 0, 6, 4], "texture": "#0"}
			}
		},
		{
			"from": [2, 7, 0],
			"to": [2, 15, 6],
			"rotation": {"angle": 0, "axis": "y", "origin": [12, 15, 12]},
			"faces": {
				"north": {"uv": [2, 9, 4, 13], "texture": "#0"},
				"east": {"uv": [9.5, 0, 8, 4], "texture": "#0"},
				"south": {"uv": [4, 9, 2, 13], "texture": "#0"},
				"west": {"uv": [8, 0, 9.5, 4], "texture": "#0"},
				"up": {"uv": [2, 0, 4, 4], "rotation": 180, "texture": "#0"},
				"down": {"uv": [4, 0, 6, 4], "texture": "#0"}
			}
		},
		{
			"from": [14, 7, 0],
			"to": [14, 15, 6],
			"rotation": {"angle": 0, "axis": "y", "origin": [12, 15, 12]},
			"faces": {
				"north": {"uv": [2, 9, 4, 13], "texture": "#0"},
				"east": {"uv": [12.5, 0, 14, 4], "texture": "#0"},
				"south": {"uv": [4, 9, 2, 13], "texture": "#0"},
				"west": {"uv": [14, 0, 12.5, 4], "texture": "#0"},
				"up": {"uv": [2, 0, 4, 4], "rotation": 180, "texture": "#0"},
				"down": {"uv": [4, 0, 6, 4], "texture": "#0"}
			}
		},
		{
			"from": [4, 4, 12],
			"to": [12, 15, 12],
			"rotation": {"angle": 0, "axis": "y", "origin": [12, 15, 20]},
			"faces": {
				"north": {"uv": [8, 4, 6, 9.5], "texture": "#0"},
				"east": {"uv": [0, 4, 2, 8], "texture": "#0"},
				"south": {"uv": [6, 4, 8, 9.5], "texture": "#0"},
				"west": {"uv": [4, 4, 6, 8], "texture": "#0"},
				"up": {"uv": [2, 0, 4, 4], "rotation": 180, "texture": "#0"},
				"down": {"uv": [4, 0, 6, 4], "texture": "#0"}
			}
		},
		{
			"from": [4, 15, 6],
			"to": [12, 15, 12],
			"rotation": {"angle": 0, "axis": "y", "origin": [12, 23, 12]},
			"faces": {
				"north": {"uv": [2, 4, 4, 8], "texture": "#0"},
				"east": {"uv": [0, 4, 2, 8], "texture": "#0"},
				"south": {"uv": [6, 4, 8, 8], "texture": "#0"},
				"west": {"uv": [4, 4, 6, 8], "texture": "#0"},
				"up": {"uv": [2, 0, 4, 3], "rotation": 180, "texture": "#0"},
				"down": {"uv": [4, 0, 2, 3], "texture": "#0"}
			}
		}
	],
	"display": {
		"thirdperson_righthand": {
			"rotation": [22, -180, 0],
			"translation": [0, -3, -3.25]
		},
		"thirdperson_lefthand": {
			"rotation": [22, -180, 0],
			"translation": [0, -3, -3.25]
		},
		"firstperson_righthand": {
			"rotation": [-42, 0, 0],
			"translation": [0, -3.25, 0]
		},
		"firstperson_lefthand": {
			"rotation": [-42, 0, 0],
			"translation": [0, -3.25, 0]
		},
		"ground": {
			"translation": [0, 1.5, 2]
		},
		"gui": {
			"rotation": [30, 135, 0],
			"translation": [2, -2, 0],
			"scale": [0.95, 0.95, 0.95]
		},
		"head": {
			"translation": [0, -5.75, 0],
			"scale": [1.9, 1.9, 1.9]
		},
		"fixed": {
			"rotation": [-90, 0, 0],
			"translation": [0, 2.75, -4.75],
			"scale": [1.58, 1.58, 1.58]
		}
	}
}