{
	"credit": "Made with Blockbench",
	"texture_size": [32, 32],
	"textures": {
		"0": "./prob_wall"
	},
	"elements": [
		{
			"from": [-8, 0, 8],
			"to": [24, 20, 8],
			"rotation": {"angle": 0, "axis": "y", "origin": [9.5, 8, 14]},
			"faces": {
				"north": {"uv": [0, 0, 16, 10], "texture": "#0"},
				"east": {"uv": [7.5, 0, 10, 6], "texture": "#0"},
				"south": {"uv": [16, 0, 0, 10], "texture": "#0"},
				"west": {"uv": [2.5, 0, 5, 6], "texture": "#0"},
				"up": {"uv": [0, 6, 2.5, 8.5], "rotation": 180, "texture": "#0"},
				"down": {"uv": [2.5, 8.5, 5, 6], "rotation": 180, "texture": "#0"}
			}
		},
		{
			"from": [14, 3, 7.75],
			"to": [21, 12, 7.75],
			"rotation": {"angle": 0, "axis": "y", "origin": [9.5, 8, 14]},
			"faces": {
				"north": {"uv": [0, 10, 3.5, 14.5], "texture": "#0"},
				"east": {"uv": [7.5, 0, 10, 6], "texture": "#0"},
				"south": {"uv": [3.5, 10, 0, 14.5], "texture": "#0"},
				"west": {"uv": [2.5, 0, 5, 6], "texture": "#0"},
				"up": {"uv": [0, 6, 2.5, 8.5], "rotation": 180, "texture": "#0"},
				"down": {"uv": [2.5, 8.5, 5, 6], "rotation": 180, "texture": "#0"}
			}
		},
		{
			"from": [-6, 13, 7.75],
			"to": [0, 18, 7.75],
			"rotation": {"angle": 0, "axis": "y", "origin": [9.5, 8, 14]},
			"faces": {
				"north": {"uv": [13, 10, 16, 12.5], "texture": "#0"},
				"east": {"uv": [7.5, 0, 10, 6], "texture": "#0"},
				"south": {"uv": [16, 10, 13, 12.5], "texture": "#0"},
				"west": {"uv": [2.5, 0, 5, 6], "texture": "#0"},
				"up": {"uv": [0, 6, 2.5, 8.5], "rotation": 180, "texture": "#0"},
				"down": {"uv": [2.5, 8.5, 5, 6], "rotation": 180, "texture": "#0"}
			}
		},
		{
			"from": [-6, 2, 7.75],
			"to": [0, 7, 7.75],
			"rotation": {"angle": 0, "axis": "y", "origin": [9.5, 8, 14]},
			"faces": {
				"north": {"uv": [13, 13.5, 16, 16], "texture": "#0"},
				"east": {"uv": [7.5, 0, 10, 6], "texture": "#0"},
				"south": {"uv": [16, 13.5, 13, 16], "texture": "#0"},
				"west": {"uv": [2.5, 0, 5, 6], "texture": "#0"},
				"up": {"uv": [0, 6, 2.5, 8.5], "rotation": 180, "texture": "#0"},
				"down": {"uv": [2.5, 8.5, 5, 6], "rotation": 180, "texture": "#0"}
			}
		},
		{
			"from": [2, 7, 7.75],
			"to": [12, 18, 7.75],
			"rotation": {"angle": 0, "axis": "y", "origin": [9.5, 8, 14]},
			"faces": {
				"north": {"uv": [4, 10, 9, 15.5], "texture": "#0"},
				"east": {"uv": [7.5, 0, 10, 6], "texture": "#0"},
				"south": {"uv": [9, 10, 4, 15.5], "texture": "#0"},
				"west": {"uv": [2.5, 0, 5, 6], "texture": "#0"},
				"up": {"uv": [0, 6, 2.5, 8.5], "rotation": 180, "texture": "#0"},
				"down": {"uv": [2.5, 8.5, 5, 6], "rotation": 180, "texture": "#0"}
			}
		},
		{
			"from": [-8, 0, 7.5],
			"to": [-7, 20, 8.5],
			"rotation": {"angle": 0, "axis": "y", "origin": [9.5, 8, 14]},
			"faces": {
				"north": {"uv": [15.5, 0, 16, 10], "texture": "#0"},
				"east": {"uv": [15.5, 0, 16, 10], "texture": "#0"},
				"south": {"uv": [16, 0, 15.5, 10], "texture": "#0"},
				"west": {"uv": [15.5, 0, 16, 10], "texture": "#0"}
			}
		},
		{
			"from": [23, 0, 7.5],
			"to": [24, 20, 8.5],
			"rotation": {"angle": 0, "axis": "y", "origin": [9.5, 8, 14]},
			"faces": {
				"north": {"uv": [15.5, 0, 16, 10], "texture": "#0"},
				"east": {"uv": [15.5, 0, 16, 10], "texture": "#0"},
				"south": {"uv": [16, 0, 15.5, 10], "texture": "#0"},
				"west": {"uv": [15.5, 0, 16, 10], "texture": "#0"}
			}
		},
		{
			"from": [-8, 19, 7.5],
			"to": [24, 20, 8.5],
			"rotation": {"angle": 0, "axis": "y", "origin": [9.5, 8, 14]},
			"faces": {
				"north": {"uv": [0, 0, 16, 0.5], "texture": "#0"},
				"south": {"uv": [16, 0, 0, 0.5], "texture": "#0"},
				"up": {"uv": [0, 0, 16, 0.5], "rotation": 180, "texture": "#0"},
				"down": {"uv": [0, 0, 16, 0.5], "rotation": 180, "texture": "#0"}
			}
		},
		{
			"from": [-8, 0, 7.5],
			"to": [24, 1, 8.5],
			"rotation": {"angle": 0, "axis": "y", "origin": [9.5, 8, 14]},
			"faces": {
				"north": {"uv": [0, 9.5, 16, 10], "texture": "#0"},
				"south": {"uv": [16, 9.5, 0, 10], "texture": "#0"},
				"up": {"uv": [0, 9.5, 16, 10], "rotation": 180, "texture": "#0"},
				"down": {"uv": [0, 9.5, 16, 10], "rotation": 180, "texture": "#0"}
			}
		}
	],
	"display": {
		"thirdperson_righthand": {
			"rotation": [70, -86, 0],
			"translation": [-1.5, -4, -2.25]
		},
		"thirdperson_lefthand": {
			"rotation": [70, -86, 0],
			"translation": [-1.5, -4, -2.25]
		},
		"firstperson_righthand": {
			"rotation": [0, -90, 3],
			"translation": [1, -9.5, 1.5]
		},
		"firstperson_lefthand": {
			"rotation": [0, -90, 3],
			"translation": [1, -9.5, 1.5]
		},
		"ground": {
			"rotation": [90, 0, 0],
			"translation": [0, -2.5, -2.5]
		},
		"gui": {
			"rotation": [35, 135, 0],
			"translation": [-0.25, -1, 0],
			"scale": [0.5, 0.5, 0.5]
		},
		"head": {
			"translation": [0, 19.5, 5.5],
			"scale": [1.66, 1.66, 1.66]
		},
		"fixed": {
			"translation": [0, -4, 0.75],
			"scale": [2, 2, 2]
		}
	}
}