{
	"credit": "Made with Blockbench",
	"texture_size": [32, 32],
	"textures": {
		"0": "./radio"
	},
	"elements": [
		{
			"from": [2, 0, 6],
			"to": [14, 7, 10],
			"rotation": {"angle": 0, "axis": "y", "origin": [9.5, 8, 14]},
			"faces": {
				"north": {"uv": [6, 12.5, 12, 16], "texture": "#0"},
				"east": {"uv": [14, 12.5, 12, 16], "texture": "#0"},
				"south": {"uv": [6, 7, 12, 10.5], "texture": "#0"},
				"west": {"uv": [12, 12.5, 14, 16], "texture": "#0"},
				"up": {"uv": [6, 10.5, 12, 12.5], "rotation": 180, "texture": "#0"},
				"down": {"uv": [6, 5, 12, 7], "texture": "#0"}
			}
		},
		{
			"from": [2, 6, 5],
			"to": [14, 7, 6],
			"rotation": {"angle": 0, "axis": "y", "origin": [10.5, 15, 15]},
			"faces": {
				"east": {"uv": [12, 4.5, 12.5, 5], "texture": "#0"},
				"west": {"uv": [12, 4.5, 12.5, 5], "texture": "#0"},
				"up": {"uv": [6, 4.5, 12, 5], "rotation": 180, "texture": "#0"}
			}
		},
		{
			"from": [14, 6, 5],
			"to": [2, 7, 6],
			"rotation": {"angle": 0, "axis": "y", "origin": [10.5, 15, 15]},
			"faces": {
				"east": {"uv": [12, 4.5, 12.5, 5], "texture": "#0"},
				"west": {"uv": [12, 4.5, 12.5, 5], "texture": "#0"},
				"up": {"uv": [12, 4.5, 6, 5], "rotation": 180, "texture": "#0"}
			}
		},
		{
			"from": [2, 7, 8],
			"to": [14, 10, 8],
			"rotation": {"angle": 0, "axis": "y", "origin": [9.5, 15, 16]},
			"faces": {
				"north": {"uv": [0, 12.5, 6, 14], "texture": "#0"},
				"east": {"uv": [7.5, 4.5, 8, 5], "texture": "#0"},
				"south": {"uv": [6, 12.5, 0, 14], "texture": "#0"},
				"west": {"uv": [8, 4.5, 8.5, 5], "texture": "#0"},
				"up": {"uv": [3.5, 8, 4.5, 9], "rotation": 270, "texture": "#0"},
				"down": {"uv": [3.5, 10, 4.5, 11], "rotation": 90, "texture": "#0"}
			}
		}
	],
	"display": {
		"thirdperson_righthand": {
			"rotation": [74, 97, 0],
			"translation": [-0.25, -2, 0.25]
		},
		"thirdperson_lefthand": {
			"rotation": [18, -178, 0],
			"translation": [-6, 5.25, 2.25]
		},
		"firstperson_righthand": {
			"rotation": [1, 90, 1],
			"translation": [-2.25, 4.75, 3.75]
		},
		"firstperson_lefthand": {
			"rotation": [1, 143, 1],
			"translation": [-1.25, 5.5, -2]
		},
		"ground": {
			"rotation": [90, 0, 0],
			"translation": [0, -1, 4.5]
		},
		"gui": {
			"rotation": [35, 135, 0],
			"translation": [0, 2.5, 0]
		},
		"head": {
			"translation": [0, 19.5, 0],
			"scale": [1.66, 1.66, 1.66]
		},
		"fixed": {
			"rotation": [-90, 0, 0],
			"translation": [0, -1, -14],
			"scale": [2, 2, 2]
		}
	}
}