{
	"credit": "Made with Blockbench",
	"texture_size": [32, 32],
	"textures": {
		"0": "./utug"
	},
	"elements": [
		{
			"from": [5.5, 0, 5.5],
			"to": [10.5, 5, 12.5],
			"rotation": {"angle": 0, "axis": "y", "origin": [9.5, 8, 14]},
			"faces": {
				"north": {"uv": [4.5, 0, 7, 2.5], "texture": "#0"},
				"east": {"uv": [4.5, 0, 1, 2.5], "texture": "#0"},
				"south": {"uv": [7, 0, 9.5, 2.5], "texture": "#0"},
				"west": {"uv": [1, 0, 4.5, 2.5], "texture": "#0"},
				"up": {"uv": [1, 2.5, 4.5, 5], "rotation": 90, "texture": "#0"},
				"down": {"uv": [4.5, 5, 1, 7.5], "rotation": 90, "texture": "#0"}
			}
		},
		{
			"from": [6.5, 0, 3.5],
			"to": [9.5, 5, 5.5],
			"rotation": {"angle": 0, "axis": "y", "origin": [9.5, 8, 14]},
			"faces": {
				"north": {"uv": [5, 0, 6.5, 2.5], "texture": "#0"},
				"east": {"uv": [1, 0, 0, 2.5], "texture": "#0"},
				"west": {"uv": [0, 0, 1, 2.5], "texture": "#0"},
				"up": {"uv": [0, 3, 1, 4.5], "rotation": 90, "texture": "#0"},
				"down": {"uv": [1, 5.5, 0, 7], "rotation": 90, "texture": "#0"}
			}
		},
		{
			"from": [8, 5, 5.5],
			"to": [8, 8, 11.5],
			"rotation": {"angle": 0, "axis": "y", "origin": [8, 15.5, 7]},
			"faces": {
				"north": {"uv": [8, 4.5, 8.5, 5], "texture": "#0"},
				"east": {"uv": [12.5, 1, 9.5, 2.5], "texture": "#0"},
				"south": {"uv": [7.5, 4.5, 8, 5], "texture": "#0"},
				"west": {"uv": [9.5, 1, 12.5, 2.5], "texture": "#0"},
				"up": {"uv": [3.5, 8, 4.5, 9], "texture": "#0"},
				"down": {"uv": [3.5, 10, 4.5, 11], "texture": "#0"}
			}
		}
	],
	"display": {
		"thirdperson_righthand": {
			"rotation": [75, 0, 12],
			"translation": [-0.75, -0.5, 2.75]
		},
		"thirdperson_lefthand": {
			"rotation": [75, 0, 12],
			"translation": [-0.75, -0.5, 2.75]
		},
		"firstperson_righthand": {
			"rotation": [2, 14, 4],
			"translation": [-0.75, 5, 0]
		},
		"firstperson_lefthand": {
			"rotation": [2, 14, 4],
			"translation": [-0.75, 5, 0]
		},
		"ground": {
			"translation": [0, 6, 0]
		},
		"gui": {
			"rotation": [35, 135, 0],
			"translation": [0, 4.5, 0],
			"scale": [1.15, 1.15, 1.15]
		},
		"head": {
			"translation": [0, 19.5, -0.25],
			"scale": [1.66, 1.66, 1.66]
		},
		"fixed": {
			"rotation": [-90, 0, 0],
			"translation": [0, 1, -14],
			"scale": [2, 2, 2]
		}
	}
}