{
	"credit": "Made with Blockbench",
	"texture_size": [48, 48],
	"textures": {
		"0": "./zibsisoid",
		"1": "./zibsisoid2",
		"particle": "./zibsisoid"
	},
	"elements": [
		{
			"from": [1, 0, 3],
			"to": [15, 10, 13],
			"rotation": {"angle": 0, "axis": "y", "origin": [10, 8, 12]},
			"faces": {
				"north": {"uv": [0, 0, 4.66667, 3.33333], "texture": "#0"},
				"east": {"uv": [4.66667, 0, 8, 3.33333], "rotation": 180, "texture": "#1"},
				"south": {"uv": [0, 6.66667, 4.66667, 10], "texture": "#1"},
				"west": {"uv": [8, 0, 4.66667, 3.33333], "rotation": 180, "texture": "#1"},
				"up": {"uv": [0, 3.33333, 4.66667, 6.66667], "rotation": 180, "texture": "#1"},
				"down": {"uv": [0, 3.33333, 4.66667, 6.66667], "texture": "#1"}
			}
		},
		{
			"from": [0, -2, 5],
			"to": [16, 5, 5],
			"rotation": {"angle": 45, "axis": "x", "origin": [0, 5, 5]},
			"faces": {
				"north": {"uv": [0, 10, 5.33333, 12.33333], "rotation": 180, "texture": "#1"},
				"east": {"uv": [4.66667, 0, 8, 3.33333], "rotation": 270, "texture": "#1"},
				"south": {"uv": [5.33333, 10, 0, 12.33333], "rotation": 180, "texture": "#1"},
				"west": {"uv": [8, 0, 4.66667, 3.33333], "rotation": 90, "texture": "#1"},
				"up": {"uv": [0, 10, 5.33333, 12.33333], "texture": "#1"},
				"down": {"uv": [0, 10, 5.33333, 12.33333], "rotation": 180, "texture": "#1"}
			}
		}
	],
	"display": {
		"thirdperson_righthand": {
			"rotation": [58, 8.5, 0],
			"translation": [-6.25, 4.5, 3.25]
		},
		"thirdperson_lefthand": {
			"rotation": [58, 8.5, 0],
			"translation": [-6.25, 4.5, 3.25]
		},
		"firstperson_righthand": {
			"rotation": [0, 105, 0],
			"translation": [4.5, 2.5, -2]
		},
		"firstperson_lefthand": {
			"rotation": [0, 105, 0],
			"translation": [4.5, 2.5, -2]
		},
		"ground": {
			"translation": [0, 6, 0]
		},
		"gui": {
			"rotation": [35, 135, 0],
			"translation": [0.75, 2.5, 0],
			"scale": [0.75, 0.75, 0.75]
		},
		"head": {
			"translation": [0, 19.5, 0],
			"scale": [1.66, 1.66, 1.66]
		},
		"fixed": {
			"rotation": [-90, 0, 0],
			"translation": [0, 0, -14],
			"scale": [2, 2, 2]
		}
	}
}