{"providers":[{"file":"plasmo_emotes:font/emotes/omegalul.png","chars":[""],"height":11,"ascent":9,"type":"bitmap"},{"file":"plasmo_emotes:font/emotes/swiftrage.png","chars":[""],"height":11,"ascent":9,"type":"bitmap"},{"file":"plasmo_emotes:font/emotes/dansgame.png","chars":[""],"height":11,"ascent":9,"type":"bitmap"},{"file":"plasmo_emotes:font/emotes/feelsokayman.png","chars":[""],"height":11,"ascent":9,"type":"bitmap"},{"file":"plasmo_emotes:font/emotes/kpidsyva.png","chars":[""],"height":11,"ascent":9,"type":"bitmap"},{"file":"plasmo_emotes:font/emotes/forsencd.png","chars":[""],"height":11,"ascent":9,"type":"bitmap"},{"file":"plasmo_emotes:font/emotes/ttours.png","chars":[""],"height":11,"ascent":9,"type":"bitmap"},{"file":"plasmo_emotes:font/emotes/peepoglad.png","chars":[""],"height":11,"ascent":9,"type":"bitmap"},{"file":"plasmo_emotes:font/emotes/widepeepohappy.png","chars":[""],"height":11,"ascent":9,"type":"bitmap"},{"file":"plasmo_emotes:font/emotes/coolstorybob.png","chars":[""],"height":11,"ascent":9,"type":"bitmap"},{"file":"plasmo_emotes:font/emotes/forsene.png","chars":[""],"height":11,"ascent":9,"type":"bitmap"},{"file":"plasmo_emotes:font/emotes/koncha.png","chars":[""],"height":11,"ascent":9,"type":"bitmap"},{"file":"plasmo_emotes:font/emotes/ssssss.png","chars":[""],"height":11,"ascent":9,"type":"bitmap"},{"file":"plasmo_emotes:font/emotes/smileyface.png","chars":[""],"height":11,"ascent":9,"type":"bitmap"},{"file":"plasmo_emotes:font/emotes/kreygasm.png","chars":[""],"height":11,"ascent":9,"type":"bitmap"},{"file":"plasmo_emotes:font/emotes/spravedlivo.png","chars":[""],"height":11,"ascent":9,"type":"bitmap"},{"file":"plasmo_emotes:font/emotes/kkomrade.png","chars":[""],"height":11,"ascent":9,"type":"bitmap"},{"file":"plasmo_emotes:font/emotes/pog.png","chars":[""],"height":11,"ascent":9,"type":"bitmap"},{"file":"plasmo_emotes:font/emotes/4house.png","chars":[""],"height":11,"ascent":9,"type":"bitmap"},{"file":"plasmo_emotes:font/emotes/sadge.png","chars":[""],"height":11,"ascent":9,"type":"bitmap"},{"file":"plasmo_emotes:font/emotes/kappapride.png","chars":[""],"height":11,"ascent":9,"type":"bitmap"},{"file":"plasmo_emotes:font/emotes/megalul.png","chars":[""],"height":11,"ascent":9,"type":"bitmap"},{"file":"plasmo_emotes:font/emotes/okayeg.png","chars":[""],"height":11,"ascent":9,"type":"bitmap"},{"file":"plasmo_emotes:font/emotes/notlikethis.png","chars":[""],"height":11,"ascent":9,"type":"bitmap"},{"file":"plasmo_emotes:font/emotes/babyrage.png","chars":[""],"height":11,"ascent":9,"type":"bitmap"},{"file":"plasmo_emotes:font/emotes/5head.png","chars":[""],"height":11,"ascent":9,"type":"bitmap"},{"file":"plasmo_emotes:font/emotes/widepeeposad.png","chars":[""],"height":11,"ascent":9,"type":"bitmap"},{"file":"plasmo_emotes:font/emotes/heyguys.png","chars":[""],"height":11,"ascent":9,"type":"bitmap"},{"file":"plasmo_emotes:font/emotes/tehepelo.png","chars":[""],"height":11,"ascent":9,"type":"bitmap"},{"file":"plasmo_emotes:font/emotes/3head.png","chars":[""],"height":11,"ascent":9,"type":"bitmap"},{"file":"plasmo_emotes:font/emotes/residentsleeper.png","chars":[""],"height":11,"ascent":9,"type":"bitmap"},{"file":"plasmo_emotes:font/emotes/ezy.png","chars":[""],"height":11,"ascent":9,"type":"bitmap"},{"file":"plasmo_emotes:font/emotes/yep.png","chars":[""],"height":11,"ascent":9,"type":"bitmap"},{"file":"plasmo_emotes:font/emotes/jebaited.png","chars":[""],"height":11,"ascent":9,"type":"bitmap"},{"file":"plasmo_emotes:font/emotes/4head.png","chars":[""],"height":11,"ascent":9,"type":"bitmap"},{"file":"plasmo_emotes:font/emotes/pepehands.png","chars":[""],"height":11,"ascent":9,"type":"bitmap"},{"file":"plasmo_emotes:font/emotes/mmmmm.png","chars":[""],"height":11,"ascent":9,"type":"bitmap"},{"file":"plasmo_emotes:font/emotes/peepoclown.png","chars":[""],"height":11,"ascent":9,"type":"bitmap"},{"file":"plasmo_emotes:font/emotes/pepegaphone.png","chars":[""],"height":11,"ascent":9,"type":"bitmap"},{"file":"plasmo_emotes:font/emotes/pepothink.png","chars":[""],"height":11,"ascent":9,"type":"bitmap"},{"file":"plasmo_emotes:font/emotes/based.png","chars":[""],"height":11,"ascent":9,"type":"bitmap"},{"file":"plasmo_emotes:font/emotes/opieop.png","chars":[""],"height":11,"ascent":9,"type":"bitmap"},{"file":"plasmo_emotes:font/emotes/eblan.png","chars":[""],"height":11,"ascent":9,"type":"bitmap"},{"file":"plasmo_emotes:font/emotes/4header.png","chars":[""],"height":11,"ascent":9,"type":"bitmap"},{"file":"plasmo_emotes:font/emotes/carlsmile.png","chars":[""],"height":11,"ascent":9,"type":"bitmap"},{"file":"plasmo_emotes:font/emotes/monkas.png","chars":[""],"height":11,"ascent":9,"type":"bitmap"},{"file":"plasmo_emotes:font/emotes/lul.png","chars":[""],"height":11,"ascent":9,"type":"bitmap"},{"file":"plasmo_emotes:font/emotes/pepega.png","chars":[""],"height":11,"ascent":9,"type":"bitmap"},{"file":"plasmo_emotes:font/emotes/monkaw.png","chars":[""],"height":11,"ascent":9,"type":"bitmap"},{"file":"plasmo_emotes:font/emotes/kappa.png","chars":[""],"height":11,"ascent":9,"type":"bitmap"},{"file":"plasmo_emotes:font/emotes/kekw.png","chars":[""],"height":11,"ascent":9,"type":"bitmap"},{"file":"plasmo_emotes:font/emotes/feelsdankman.png","chars":[""],"height":11,"ascent":9,"type":"bitmap"},{"file":"plasmo_emotes:font/emotes/hmm.png","chars":[""],"height":11,"ascent":9,"type":"bitmap"},{"file":"plasmo_emotes:font/emotes/monkatos.png","chars":[""],"height":11,"ascent":9,"type":"bitmap"},{"file":"plasmo_emotes:font/emotes/ayaya.png","chars":[""],"height":11,"ascent":9,"type":"bitmap"},{"file":"plasmo_emotes:font/emotes/monkaomega.png","chars":[""],"height":11,"ascent":9,"type":"bitmap"},{"file":"plasmo_emotes:font/emotes/punchtrees.png","chars":[""],"height":11,"ascent":9,"type":"bitmap"},{"file":"plasmo_emotes:font/emotes/roflanpominki.png","chars":[""],"height":11,"ascent":9,"type":"bitmap"},{"file":"plasmo_emotes:font/emotes/pepepains.png","chars":[""],"height":11,"ascent":9,"type":"bitmap"},{"file":"plasmo_emotes:font/emotes/lulw.png","chars":[""],"height":11,"ascent":9,"type":"bitmap"},{"file":"plasmo_emotes:font/emotes/gachigasm.png","chars":[""],"height":11,"ascent":9,"type":"bitmap"},{"file":"plasmo_emotes:font/emotes/handsup.png","chars":[""],"height":11,"ascent":9,"type":"bitmap"},{"file":"plasmo_emotes:font/emotes/goodmeme.png","chars":[""],"height":11,"ascent":9,"type":"bitmap"},{"file":"plasmo_emotes:font/emotes/pepelaugh.png","chars":[""],"height":11,"ascent":9,"type":"bitmap"}]}