{
	"credit": "Made with Blockbench",
	"texture_size": [32, 32],
	"textures": {
		"0": "./red_lamp",
		"particle": "./red_lamp"
	},
	"elements": [
		{
			"from": [3.6, -0.4, 3.6],
			"to": [12.4, 8.4, 12.4],
			"rotation": {"angle": 0, "axis": "x", "origin": [8, 9, 8]},
			"faces": {
				"north": {"uv": [8, 4, 12, 8], "texture": "#0"},
				"east": {"uv": [4, 4, 8, 8], "texture": "#0"},
				"south": {"uv": [0, 4, 4, 8], "texture": "#0"},
				"west": {"uv": [12, 4, 16, 8], "texture": "#0"},
				"up": {"uv": [4, 8, 8, 12], "rotation": 90, "texture": "#0"}
			}
		},
		{
			"from": [12.4, -0.4, 3.6],
			"to": [3.6, 8.4, 12.4],
			"rotation": {"angle": 0, "axis": "x", "origin": [8, 9, 8]},
			"faces": {
				"north": {"uv": [12, 4, 8, 8], "texture": "#0"},
				"east": {"uv": [8, 4, 4, 8], "texture": "#0"},
				"south": {"uv": [4, 4, 0, 8], "texture": "#0"},
				"west": {"uv": [16, 4, 12, 8], "texture": "#0"},
				"up": {"uv": [4, 8, 8, 12], "rotation": 180, "texture": "#0"}
			}
		},
		{
			"from": [4, 0, 4],
			"to": [12, 8, 12],
			"rotation": {"angle": 0, "axis": "x", "origin": [8, 9, 8]},
			"faces": {
				"north": {"uv": [8, 0, 12, 4], "texture": "#0"},
				"east": {"uv": [4, 0, 8, 4], "texture": "#0"},
				"south": {"uv": [0, 0, 4, 4], "texture": "#0"},
				"west": {"uv": [12, 0, 16, 4], "texture": "#0"},
				"up": {"uv": [4, 12, 0, 8], "rotation": 90, "texture": "#0"}
			}
		},
		{
			"from": [3, 0, 3],
			"to": [13, 2, 13],
			"rotation": {"angle": 0, "axis": "x", "origin": [8, 9, 8]},
			"faces": {
				"north": {"uv": [5, 12, 10, 13], "texture": "#0"},
				"east": {"uv": [0, 12, 5, 13], "texture": "#0"},
				"south": {"uv": [5, 13, 10, 14], "texture": "#0"},
				"west": {"uv": [0, 13, 5, 14], "texture": "#0"},
				"up": {"uv": [16, 16, 11, 11], "texture": "#0"},
				"down": {"uv": [16, 11, 11, 16], "texture": "#0"}
			}
		}
	],
	"display": {
		"thirdperson_righthand": {
			"rotation": [75, 45, 0],
			"translation": [0, 2.5, 0],
			"scale": [0.375, 0.375, 0.375]
		},
		"thirdperson_lefthand": {
			"rotation": [75, 45, 0],
			"translation": [0, 2.5, 0],
			"scale": [0.375, 0.375, 0.375]
		},
		"firstperson_righthand": {
			"rotation": [0, 45, 0],
			"scale": [0.4, 0.4, 0.4]
		},
		"firstperson_lefthand": {
			"rotation": [0, 225, 0],
			"scale": [0.4, 0.4, 0.4]
		},
		"ground": {
			"translation": [0, 3, 0],
			"scale": [0.25, 0.25, 0.25]
		},
		"gui": {
			"rotation": [30, 135, 0],
			"translation": [0, 3.25, 0]
		},
		"head": {
			"translation": [0, 19, 0],
			"scale": [1.6, 1.6, 1.6]
		},
		"fixed": {
			"rotation": [-90, 0, 0],
			"translation": [0, 0, -14],
			"scale": [2, 2, 2]
		}
	}
}