{
	"credit": "Made with Blockbench",
	"textures": {
		"0": "./signale_animiert",
		"particle": "./signale_animiert"
	},
	"elements": [
		{
			"from": [5.7, -0.3, 5.7],
			"to": [10.3, 2.3, 10.3],
			"rotation": {"angle": 0, "axis": "x", "origin": [8, 9, 8]},
			"faces": {
				"north": {"uv": [8, 6, 12, 8], "texture": "#0"},
				"east": {"uv": [4, 6, 8, 8], "texture": "#0"},
				"south": {"uv": [0, 6, 4, 8], "texture": "#0"},
				"west": {"uv": [12, 6, 16, 8], "texture": "#0"},
				"down": {"uv": [4, 8, 8, 12], "texture": "#0"}
			}
		},
		{
			"from": [10.3, -0.3, 5.7],
			"to": [5.7, 2.3, 10.3],
			"rotation": {"angle": 0, "axis": "x", "origin": [8, 9, 8]},
			"faces": {
				"north": {"uv": [12, 6, 8, 8], "texture": "#0"},
				"east": {"uv": [16, 6, 12, 8], "texture": "#0"},
				"south": {"uv": [4, 6, 0, 8], "texture": "#0"},
				"west": {"uv": [8, 6, 4, 8], "texture": "#0"},
				"down": {"uv": [4, 8, 8, 12], "texture": "#0"}
			}
		},
		{
			"from": [6, 0, 6],
			"to": [10, 6, 10],
			"rotation": {"angle": 0, "axis": "x", "origin": [8, 9, 8]},
			"faces": {
				"north": {"uv": [8, 0, 12, 6], "texture": "#0"},
				"east": {"uv": [4, 0, 8, 6], "texture": "#0"},
				"south": {"uv": [0, 0, 4, 6], "texture": "#0"},
				"west": {"uv": [12, 0, 16, 6], "texture": "#0"},
				"up": {"uv": [4, 12, 0, 8], "rotation": 180, "texture": "#0"}
			}
		}
	],
	"display": {
		"thirdperson_righthand": {
			"rotation": [14, -170, 0],
			"translation": [-0.5, 5, -0.25]
		},
		"thirdperson_lefthand": {
			"rotation": [14, -170, 0],
			"translation": [-0.5, 5, -0.25]
		},
		"firstperson_righthand": {
			"rotation": [-27, 0, 0],
			"translation": [0, 6, 0]
		},
		"firstperson_lefthand": {
			"rotation": [-27, 0, 0],
			"translation": [0, 6, 0]
		},
		"ground": {
			"translation": [0, 5.5, 0]
		},
		"gui": {
			"rotation": [30, 132, 0],
			"translation": [0.25, 6.5, 0],
			"scale": [1.5, 1.5, 1.5]
		},
		"head": {
			"translation": [0, 19.5, 0],
			"scale": [1.6, 1.6, 1.6]
		},
		"fixed": {
			"rotation": [-90, 0, 0],
			"translation": [0, 0, -14.75],
			"scale": [2, 2, 2]
		}
	}
}