{"providers":[{"file":"plasmo_emotes:font/emotes/omegalul_8e53f0c8f8b62c57a2765098dc668dd3.png","chars":[""],"height":11,"ascent":9,"type":"bitmap"},{"file":"plasmo_emotes:font/emotes/swiftrage_c1ad4f70da9308acc6d1087b1dc69572.png","chars":[""],"height":11,"ascent":9,"type":"bitmap"},{"file":"plasmo_emotes:font/emotes/dansgame_3c1282e24a552c0a4cba835f6cd723b0.png","chars":[""],"height":11,"ascent":9,"type":"bitmap"},{"file":"plasmo_emotes:font/emotes/feelsokayman_6d80ac6cd66d3df6b0db9e34beec6318.png","chars":[""],"height":11,"ascent":9,"type":"bitmap"},{"file":"plasmo_emotes:font/emotes/kpidsyva_0b4465dec6f9388b8e392dc7c3938ed5.png","chars":[""],"height":11,"ascent":9,"type":"bitmap"},{"file":"plasmo_emotes:font/emotes/forsencd_2afaf0d23813c1af9cd34ed5b6e19655.png","chars":[""],"height":11,"ascent":9,"type":"bitmap"},{"file":"plasmo_emotes:font/emotes/ttours_d53af75c08fc592515c8648c2be01968.png","chars":[""],"height":11,"ascent":9,"type":"bitmap"},{"file":"plasmo_emotes:font/emotes/peepoglad_988855f45c51b9e6fe24bbda563f934e.png","chars":[""],"height":11,"ascent":9,"type":"bitmap"},{"file":"plasmo_emotes:font/emotes/widepeepohappy_8d266bf47a26566fd1f6f65035a749a8.png","chars":[""],"height":11,"ascent":9,"type":"bitmap"},{"file":"plasmo_emotes:font/emotes/coolstorybob_69473ce5d66881d818b616a926210e05.png","chars":[""],"height":11,"ascent":9,"type":"bitmap"},{"file":"plasmo_emotes:font/emotes/forsene_ae3e90b0ecb900871657fdb18fc183eb.png","chars":[""],"height":11,"ascent":9,"type":"bitmap"},{"file":"plasmo_emotes:font/emotes/koncha_06b7e7c13cf611648d6237e9e0b567cc.png","chars":[""],"height":11,"ascent":9,"type":"bitmap"},{"file":"plasmo_emotes:font/emotes/ssssss_eba046534bbbfa690c0e0047a9536ab4.png","chars":[""],"height":11,"ascent":9,"type":"bitmap"},{"file":"plasmo_emotes:font/emotes/smileyface_16faea0f320d848794b501588c4fd3ff.png","chars":[""],"height":11,"ascent":9,"type":"bitmap"},{"file":"plasmo_emotes:font/emotes/kreygasm_e2272a1a41272c0f61c6ad495d792035.png","chars":[""],"height":11,"ascent":9,"type":"bitmap"},{"file":"plasmo_emotes:font/emotes/spravedlivo_537fe28a8993d3ee94aeab90a7e2b884.png","chars":[""],"height":11,"ascent":9,"type":"bitmap"},{"file":"plasmo_emotes:font/emotes/kkomrade_94736d83c45f302cba9ba0c7d74c181e.png","chars":[""],"height":11,"ascent":9,"type":"bitmap"},{"file":"plasmo_emotes:font/emotes/pog_3a6faa0de4649bd9ea7b3b00b0bf5bb7.png","chars":[""],"height":11,"ascent":9,"type":"bitmap"},{"file":"plasmo_emotes:font/emotes/4house_b0b0f67e8b8b22247817e4eb2909abf9.png","chars":[""],"height":11,"ascent":9,"type":"bitmap"},{"file":"plasmo_emotes:font/emotes/sadge_63b22fc9140d82a5cc99baf0d532863a.png","chars":[""],"height":11,"ascent":9,"type":"bitmap"},{"file":"plasmo_emotes:font/emotes/kappapride_069c09c26406f41244157303c944f01a.png","chars":[""],"height":11,"ascent":9,"type":"bitmap"},{"file":"plasmo_emotes:font/emotes/megalul_b7219483119ea5d709bfd6bd40f5eadd.png","chars":[""],"height":11,"ascent":9,"type":"bitmap"},{"file":"plasmo_emotes:font/emotes/okayeg_3d3058417ab6056018f19aa0186230d0.png","chars":[""],"height":11,"ascent":9,"type":"bitmap"},{"file":"plasmo_emotes:font/emotes/notlikethis_197de10eda8aa42082b769e7aa8069b2.png","chars":[""],"height":11,"ascent":9,"type":"bitmap"},{"file":"plasmo_emotes:font/emotes/babyrage_73cb1aaf77794ab500948e7c3298e47d.png","chars":[""],"height":11,"ascent":9,"type":"bitmap"},{"file":"plasmo_emotes:font/emotes/5head_94ea07d3127652eced30e60ea927b787.png","chars":[""],"height":11,"ascent":9,"type":"bitmap"},{"file":"plasmo_emotes:font/emotes/widepeeposad_c104343e7828754462dee2a20b5fa526.png","chars":[""],"height":11,"ascent":9,"type":"bitmap"},{"file":"plasmo_emotes:font/emotes/heyguys_e243261687468f3821d1d5b229dd7c32.png","chars":[""],"height":11,"ascent":9,"type":"bitmap"},{"file":"plasmo_emotes:font/emotes/tehepelo_c9233329bc1de6b2c555b06311be07b5.png","chars":[""],"height":11,"ascent":9,"type":"bitmap"},{"file":"plasmo_emotes:font/emotes/3head_627286df8a273c0ce4404625d914c12e.png","chars":[""],"height":11,"ascent":9,"type":"bitmap"},{"file":"plasmo_emotes:font/emotes/residentsleeper_03fe15b52494e34c6371809bd467e9eb.png","chars":[""],"height":11,"ascent":9,"type":"bitmap"},{"file":"plasmo_emotes:font/emotes/ezy_11192568faf1e91c09cbefac3878bc06.png","chars":[""],"height":11,"ascent":9,"type":"bitmap"},{"file":"plasmo_emotes:font/emotes/yep_daa7154587be26aff656257748bbe929.png","chars":[""],"height":11,"ascent":9,"type":"bitmap"},{"file":"plasmo_emotes:font/emotes/jebaited_a04f6b1f00051e5e732de108e4e388e7.png","chars":[""],"height":11,"ascent":9,"type":"bitmap"},{"file":"plasmo_emotes:font/emotes/4head_1dd903526678b333edbb5587d027384f.png","chars":[""],"height":11,"ascent":9,"type":"bitmap"},{"file":"plasmo_emotes:font/emotes/pepehands_17c31dc0d0d75ff5dc4ea71bd9a3c2e1.png","chars":[""],"height":11,"ascent":9,"type":"bitmap"},{"file":"plasmo_emotes:font/emotes/mmmmm_76429ff35b9dce07861442c4482d690c.png","chars":[""],"height":11,"ascent":9,"type":"bitmap"},{"file":"plasmo_emotes:font/emotes/peepoclown_87b67211faa91dd55a011a0327cea2bf.png","chars":[""],"height":11,"ascent":9,"type":"bitmap"},{"file":"plasmo_emotes:font/emotes/pepegaphone_288256edb9b73813ede563e5e6359578.png","chars":[""],"height":11,"ascent":9,"type":"bitmap"},{"file":"plasmo_emotes:font/emotes/pepothink_79af486b09d337e1e2d49435384339a3.png","chars":[""],"height":11,"ascent":9,"type":"bitmap"},{"file":"plasmo_emotes:font/emotes/based_acafd506c3c2056185ee1669eefb8c8b.png","chars":[""],"height":11,"ascent":9,"type":"bitmap"},{"file":"plasmo_emotes:font/emotes/opieop_c6ac74c1168e00d4617cfaba8f8c0a71.png","chars":[""],"height":11,"ascent":9,"type":"bitmap"},{"file":"plasmo_emotes:font/emotes/eblan_34f7d863ce2140deab65d5f7a94f64d6.png","chars":[""],"height":11,"ascent":9,"type":"bitmap"},{"file":"plasmo_emotes:font/emotes/4header_fa72fb20d49843c5573508be5b0f55ba.png","chars":[""],"height":11,"ascent":9,"type":"bitmap"},{"file":"plasmo_emotes:font/emotes/carlsmile_c1bd29845a5684c0a6f073ec9f943664.png","chars":[""],"height":11,"ascent":9,"type":"bitmap"},{"file":"plasmo_emotes:font/emotes/monkas_bdfc96707a205854b26e56d24004385b.png","chars":[""],"height":11,"ascent":9,"type":"bitmap"},{"file":"plasmo_emotes:font/emotes/lul_ba389cbc88d814410f0f07bb30b61d0f.png","chars":[""],"height":11,"ascent":9,"type":"bitmap"},{"file":"plasmo_emotes:font/emotes/pepega_17845d283178777940a3e2a2dc2bed23.png","chars":[""],"height":11,"ascent":9,"type":"bitmap"},{"file":"plasmo_emotes:font/emotes/monkaw_b0122f03fdd702880ce1da773460039c.png","chars":[""],"height":11,"ascent":9,"type":"bitmap"},{"file":"plasmo_emotes:font/emotes/kappa_b626b732519c7d8b3057a012214018b9.png","chars":[""],"height":11,"ascent":9,"type":"bitmap"},{"file":"plasmo_emotes:font/emotes/kekw_44f469f1d50facd38188d221792cc399.png","chars":[""],"height":11,"ascent":9,"type":"bitmap"},{"file":"plasmo_emotes:font/emotes/feelsdankman_2b3f63a3da28cad54846c60216042159.png","chars":[""],"height":11,"ascent":9,"type":"bitmap"},{"file":"plasmo_emotes:font/emotes/hmm_4b33888b1d6d27ae5fec55672f323e87.png","chars":[""],"height":11,"ascent":9,"type":"bitmap"},{"file":"plasmo_emotes:font/emotes/monkatos_0af0b8a71281f4fc3eab68db3a400a99.png","chars":[""],"height":11,"ascent":9,"type":"bitmap"},{"file":"plasmo_emotes:font/emotes/ayaya_53940d93219ba92b666e780f64f54c00.png","chars":[""],"height":11,"ascent":9,"type":"bitmap"},{"file":"plasmo_emotes:font/emotes/monkaomega_6fafbe3a1bcc18e5a0cfef21fa445b4a.png","chars":[""],"height":11,"ascent":9,"type":"bitmap"},{"file":"plasmo_emotes:font/emotes/punchtrees_c37b33c7f25ff671217f99c043dc1c17.png","chars":[""],"height":11,"ascent":9,"type":"bitmap"},{"file":"plasmo_emotes:font/emotes/roflanpominki_72f773d5513d141124136060a1267aaa.png","chars":[""],"height":11,"ascent":9,"type":"bitmap"},{"file":"plasmo_emotes:font/emotes/pepepains_6fe3732fa6dc9aca476b18b4c1b04f60.png","chars":[""],"height":11,"ascent":9,"type":"bitmap"},{"file":"plasmo_emotes:font/emotes/lulw_0558f207f535249a5bfbd4da24eac870.png","chars":[""],"height":11,"ascent":9,"type":"bitmap"},{"file":"plasmo_emotes:font/emotes/gachigasm_e0c4bcec3c841b7016f1c1d1a3f994ff.png","chars":[""],"height":11,"ascent":9,"type":"bitmap"},{"file":"plasmo_emotes:font/emotes/handsup_e6512ce65c667d73c7247dd1b2da5fc7.png","chars":[""],"height":11,"ascent":9,"type":"bitmap"},{"file":"plasmo_emotes:font/emotes/goodmeme_7e4351558f9f13b3435b91ee6ad0a288.png","chars":[""],"height":11,"ascent":9,"type":"bitmap"},{"file":"plasmo_emotes:font/emotes/pepelaugh_f05a5d1bbc4b4e85ebaf5e7d03646443.png","chars":[""],"height":11,"ascent":9,"type":"bitmap"},{"file":"plasmo:font/images/survival.png","chars":[""],"height":24,"ascent":15,"type":"bitmap"},{"file":"plasmo:font/images/creative.png","chars":[""],"height":24,"ascent":15,"type":"bitmap"},{"file":"plasmo:font/images/tps.png","chars":[""],"height":11,"ascent":10,"type":"bitmap"},{"file":"plasmo:font/images/players.png","chars":[""],"height":11,"ascent":9,"type":"bitmap"}]}