{
	"credit": "Made with Blockbench",
	"texture_size": [48, 48],
	"textures": {
		"0": "./frontier",
		"particle": "./frontier"
	},
	"elements": [
		{
			"from": [7.25, 15.25, -10.5],
			"to": [8.75, 16.75, 9],
			"rotation": {"angle": 0, "axis": "y", "origin": [15.25, 23.25, -2.5]},
			"faces": {
				"north": {"uv": [13, 0, 14, 1], "texture": "#0"},
				"east": {"uv": [13, 0, 0, 1], "texture": "#0"},
				"west": {"uv": [0, 0, 13, 1], "texture": "#0"},
				"up": {"uv": [0, 1, 13, 2], "rotation": 90, "texture": "#0"},
				"down": {"uv": [0, 0.66667, 13, 1], "rotation": 270, "texture": "#0"}
			}
		},
		{
			"from": [7.25, 13.75, -4.5],
			"to": [8.75, 15.25, 9],
			"rotation": {"angle": 0, "axis": "y", "origin": [15.25, 21.75, 3.5]},
			"faces": {
				"north": {"uv": [13, 1, 14, 2], "texture": "#0"},
				"east": {"uv": [9, 2, 0, 3], "texture": "#0"},
				"south": {"uv": [0, 0, 0.5, 0.5], "texture": "#0"},
				"west": {"uv": [0, 2, 9, 3], "texture": "#0"},
				"up": {"uv": [0, 1, 9, 2], "rotation": 90, "texture": "#0"},
				"down": {"uv": [0, 2, 9, 3], "rotation": 270, "texture": "#0"}
			}
		},
		{
			"from": [8, 16.75, -10],
			"to": [8, 18.25, -7.5],
			"rotation": {"angle": 0, "axis": "y", "origin": [16, 24.75, -2]},
			"faces": {
				"north": {"uv": [0, 0, 0, 1], "texture": "#0"},
				"east": {"uv": [15.66667, 0, 14, 1], "texture": "#0"},
				"south": {"uv": [0, 0, 0, 1], "texture": "#0"},
				"west": {"uv": [14, 0, 15.66667, 1], "texture": "#0"},
				"up": {"uv": [0, 0, 0, 2.5], "texture": "#0"},
				"down": {"uv": [0, 0, 0, 2.5], "texture": "#0"}
			}
		},
		{
			"from": [6.75, 13.25, 9],
			"to": [9.25, 16.75, 16.5],
			"rotation": {"angle": 0, "axis": "y", "origin": [14.75, 21.75, 17]},
			"faces": {
				"north": {"uv": [9.66667, 3, 10, 5.33333], "texture": "#0"},
				"east": {"uv": [5, 5.33333, 10, 7.66667], "texture": "#0"},
				"south": {"uv": [10, 3, 11.66667, 5.33333], "texture": "#0"},
				"west": {"uv": [5, 3, 10, 5.33333], "texture": "#0"},
				"up": {"uv": [5, 7.66667, 10, 9.33334], "rotation": 90, "texture": "#0"},
				"down": {"uv": [5, 9.33333, 10, 10.99999], "rotation": 270, "texture": "#0"}
			}
		},
		{
			"from": [6.75, 11, 21.75],
			"to": [9.25, 15, 30.75],
			"rotation": {"angle": 0, "axis": "y", "origin": [14.75, 19, 30.25]},
			"faces": {
				"north": {"uv": [10, 13.33333, 10.33333, 16], "texture": "#0"},
				"east": {"uv": [16, 13.33333, 10, 16], "texture": "#0"},
				"south": {"uv": [15.66667, 13.33333, 16, 16], "texture": "#0"},
				"west": {"uv": [10, 13.33333, 16, 16], "texture": "#0"},
				"up": {"uv": [10, 11.66667, 16, 13.33333], "rotation": 270, "texture": "#0"},
				"down": {"uv": [10, 15.66667, 16, 15.99934], "rotation": 270, "texture": "#0"}
			}
		},
		{
			"from": [8, 11.75, 12.5],
			"to": [8, 13.25, 16.5],
			"rotation": {"angle": 0, "axis": "y", "origin": [16, 20.25, 20.5]},
			"faces": {
				"north": {"uv": [0, 0, 0, 0.5], "texture": "#0"},
				"east": {"uv": [11.66667, 2, 9, 3], "texture": "#0"},
				"south": {"uv": [0, 0, 0, 0.5], "texture": "#0"},
				"west": {"uv": [9, 2, 11.66567, 3], "texture": "#0"},
				"up": {"uv": [0, 0, 0, 1.33333], "texture": "#0"},
				"down": {"uv": [0, 0, 0, 1.33333], "texture": "#0"}
			}
		},
		{
			"from": [7, 11.5, 16.25],
			"to": [9, 14, 21.75],
			"rotation": {"angle": 22.5, "axis": "x", "origin": [7, 15, 21.75]},
			"faces": {
				"north": {"uv": [0, 0, 0.5, 0.83333], "rotation": 180, "texture": "#0"},
				"east": {"uv": [3.66667, 14.33333, 0, 16], "texture": "#0"},
				"south": {"uv": [0, 0, 0.5, 0.83333], "texture": "#0"},
				"west": {"uv": [0, 14.33333, 3.66667, 16], "texture": "#0"},
				"up": {"uv": [0, 13, 3.66667, 14.33333], "rotation": 90, "texture": "#0"},
				"down": {"uv": [0, 13, 3.66667, 14.33333], "rotation": 270, "texture": "#0"}
			}
		},
		{
			"from": [7, 11.5, 21.75],
			"to": [9, 15, 31.25],
			"rotation": {"angle": 22.5, "axis": "x", "origin": [7, 15, 21.75]},
			"faces": {
				"north": {"uv": [3.66667, 13.66667, 4, 15.66667], "texture": "#0"},
				"east": {"uv": [10, 13.66667, 3.66667, 16], "texture": "#0"},
				"south": {"uv": [9.66667, 13.66667, 10, 16], "texture": "#0"},
				"west": {"uv": [3.66667, 13.66667, 10, 16], "texture": "#0"},
				"up": {"uv": [7.66667, 6.333, 8.66667, 10.66567], "texture": "#0"},
				"down": {"uv": [3.66667, 12.33333, 10, 13.66667], "rotation": 270, "texture": "#0"}
			}
		},
		{
			"from": [7.25, 10.65, 20.35],
			"to": [8.75, 15.15, 22.85],
			"rotation": {"angle": -45, "axis": "x", "origin": [7.25, 11, 21.75]},
			"faces": {
				"north": {"uv": [0, 7.66667, 3, 8], "rotation": 90, "texture": "#0"},
				"east": {"uv": [3, 6.33333, 0, 8], "rotation": 270, "texture": "#0"},
				"south": {"uv": [6, 10.66667, 7.333, 11.333], "texture": "#0"},
				"west": {"uv": [0, 6.33333, 3, 8], "rotation": 90, "texture": "#0"},
				"up": {"uv": [7.333, 10.66667, 9.333, 10.99933], "rotation": 90, "texture": "#0"},
				"down": {"uv": [2.66667, 6.33333, 3, 8], "texture": "#0"}
			}
		},
		{
			"from": [6.75, 12.75, -2],
			"to": [9.25, 15.25, 5.5],
			"rotation": {"angle": 0, "axis": "y", "origin": [14.75, 20.75, 6]},
			"faces": {
				"north": {"uv": [0, 3, 0.33333, 4.66667], "texture": "#0"},
				"east": {"uv": [5, 3, 0, 4.66667], "texture": "#0"},
				"south": {"uv": [4.66667, 3, 5, 4.66667], "texture": "#0"},
				"west": {"uv": [0, 3, 5, 4.66667], "texture": "#0"},
				"up": {"uv": [0, 3, 5, 3.33333], "rotation": 90, "texture": "#0"},
				"down": {"uv": [0, 4.66667, 5, 6.33333], "rotation": 270, "texture": "#0"}
			}
		}
	],
	"display": {
		"thirdperson_righthand": {
			"rotation": [40, 0, 2.5],
			"translation": [0, 0.25, -6.75],
			"scale": [0.8, 0.8, 0.8]
		},
		"thirdperson_lefthand": {
			"rotation": [40, 0, 2.5],
			"translation": [0, 0.25, -6.75],
			"scale": [0.8, 0.8, 0.8]
		},
		"firstperson_righthand": {
			"rotation": [2.5, -0.5, 2],
			"translation": [0, -4.25, -6.5]
		},
		"firstperson_lefthand": {
			"rotation": [2.5, -0.5, 2],
			"translation": [0, -4.25, -6.5]
		},
		"ground": {
			"rotation": [0, 0, 90],
			"translation": [5.75, -1.5, -0.75],
			"scale": [0.8, 0.8, 0.8]
		},
		"gui": {
			"rotation": [-30, 130, 4],
			"translation": [-1, -2.75, 0],
			"scale": [0.45, 0.45, 0.45]
		},
		"head": {
			"rotation": [0, 51, 90],
			"translation": [3, 7.5, -5]
		},
		"fixed": {
			"rotation": [0, 90, 0],
			"translation": [0, -6.75, -1.5]
		}
	}
}