{
	"credit": "Made with Blockbench",
	"texture_size": [128, 128],
	"textures": {
		"0": "texture1"
	},
	"elements": [
		{
			"from": [-5, 7.5, 1.25],
			"to": [5, 16.5, 4.25],
			"rotation": {"angle": 22.5, "axis": "x", "origin": [0, 8.25, 3.75]},
			"faces": {
				"north": {"uv": [4.625, 6, 5.875, 7.125], "texture": "#0"},
				"east": {"uv": [4.25, 6, 4.625, 7.125], "texture": "#0"},
				"south": {"uv": [6.25, 6, 7.5, 7.125], "texture": "#0"},
				"west": {"uv": [5.875, 6, 6.25, 7.125], "texture": "#0"},
				"up": {"uv": [5.875, 6, 4.625, 5.625], "texture": "#0"},
				"down": {"uv": [7.125, 5.625, 5.875, 6], "texture": "#0"}
			}
		},
		{
			"from": [7, 8.25, -9],
			"to": [10, 11.25, 5],
			"rotation": {"angle": 0, "axis": "y", "origin": [0, 4.25, 0]},
			"faces": {
				"north": {"uv": [1.75, 7, 2.125, 7.375], "texture": "#0"},
				"east": {"uv": [0, 7, 1.75, 7.375], "texture": "#0"},
				"south": {"uv": [3.875, 7, 4.25, 7.375], "texture": "#0"},
				"west": {"uv": [2.125, 7, 3.875, 7.375], "texture": "#0"},
				"up": {"uv": [2.125, 7, 1.75, 5.25], "texture": "#0"},
				"down": {"uv": [2.5, 5.25, 2.125, 7], "texture": "#0"}
			}
		},
		{
			"from": [-10, 8.25, -9],
			"to": [-7, 11.25, 5],
			"rotation": {"angle": 0, "axis": "y", "origin": [0, 4.25, 0]},
			"faces": {
				"north": {"uv": [6.25, 5.25, 6.625, 5.625], "texture": "#0"},
				"east": {"uv": [4.5, 5.25, 6.25, 5.625], "texture": "#0"},
				"south": {"uv": [8.375, 5.25, 8.75, 5.625], "texture": "#0"},
				"west": {"uv": [6.625, 5.25, 8.375, 5.625], "texture": "#0"},
				"up": {"uv": [6.625, 5.25, 6.25, 3.5], "texture": "#0"},
				"down": {"uv": [7, 3.5, 6.625, 5.25], "texture": "#0"}
			}
		},
		{
			"from": [-10, 8.25, 5],
			"to": [10, 18.25, 10],
			"rotation": {"angle": 0, "axis": "y", "origin": [0, 4.25, 0]},
			"faces": {
				"north": {"uv": [0.625, 4, 3.125, 5.25], "texture": "#0"},
				"east": {"uv": [0, 4, 0.625, 5.25], "texture": "#0"},
				"south": {"uv": [3.75, 4, 6.25, 5.25], "texture": "#0"},
				"west": {"uv": [3.125, 4, 3.75, 5.25], "texture": "#0"},
				"up": {"uv": [3.125, 4, 0.625, 3.375], "texture": "#0"},
				"down": {"uv": [5.625, 3.375, 3.125, 4], "texture": "#0"}
			}
		},
		{
			"from": [-10, 0, -9],
			"to": [10, 8.25, 10],
			"rotation": {"angle": 0, "axis": "y", "origin": [0, 4.25, 0]},
			"faces": {
				"north": {"uv": [2.375, 2.375, 4.875, 3.375], "texture": "#0"},
				"east": {"uv": [0, 2.375, 2.375, 3.375], "texture": "#0"},
				"south": {"uv": [7.25, 2.375, 9.75, 3.375], "texture": "#0"},
				"west": {"uv": [4.875, 2.375, 7.25, 3.375], "texture": "#0"},
				"up": {"uv": [4.875, 2.375, 2.375, 0], "texture": "#0"},
				"down": {"uv": [7.375, 0, 4.875, 2.375], "texture": "#0"}
			}
		}
	],
	"display": {
		"thirdperson_righthand": {
			"translation": [4, 0, -1],
			"scale": [0.5, 0.5, 0.5]
		},
		"thirdperson_lefthand": {
			"translation": [-4, 0, -1],
			"scale": [0.5, 0.5, 0.5]
		},
		"firstperson_righthand": {
			"rotation": [0, 90, 0],
			"translation": [1, 4.25, 0],
			"scale": [0.5, 0.5, 0.5]
		},
		"firstperson_lefthand": {
			"rotation": [0, 90, 0],
			"translation": [3.25, 3, 6.25],
			"scale": [0.5, 0.5, 0.5]
		},
		"ground": {
			"translation": [8.75, 3.75, 7]
		},
		"gui": {
			"rotation": [6, 151, 0],
			"translation": [-1.75, 0, 0],
			"scale": [0.5, 0.5, 0.5]
		},
		"head": {
			"translation": [8, -5.25, 9.5]
		},
		"fixed": {
			"rotation": [-90, 0, 0],
			"translation": [16, 16, 1],
			"scale": [2, 2, 2]
		}
	},
	"groups": [
		{
			"name": "bone",
			"origin": [0, 4.25, 0],
			"color": 0,
			"children": [0, 1, 2, 3, 4]
		}
	]
}