{
	"credit": "Made with Blockbench",
	"texture_size": [48, 48],
	"textures": {
		"0": "./red_flag",
		"particle": "./red_flag"
	},
	"elements": [
		{
			"from": [7.5, -12, 7.5],
			"to": [8.5, 32, 8.5],
			"rotation": {"angle": 0, "axis": "y", "origin": [15.5, 0, 15.5]},
			"faces": {
				"north": {"uv": [0.33333, 0, 0.66667, 14.66667], "texture": "#0"},
				"east": {"uv": [0, 0, 0.33333, 14.66667], "texture": "#0"},
				"south": {"uv": [0.33333, 0, 0.66667, 14.66667], "texture": "#0"},
				"west": {"uv": [0, 0, 0.33333, 14.66667], "texture": "#0"},
				"up": {"uv": [0, 0, 0.33333, 0.33333], "texture": "#0"},
				"down": {"uv": [0, 14.33333, 0.33333, 14.66667], "texture": "#0"}
			}
		},
		{
			"from": [8, 14, -14.5],
			"to": [8, 30, 7.5],
			"rotation": {"angle": 0, "axis": "y", "origin": [16, 26, -0.5]},
			"faces": {
				"north": {"uv": [8.5, 1, 9, 7], "texture": "#0"},
				"east": {"uv": [0.66667, 0.66667, 8, 6], "texture": "#0"},
				"south": {"uv": [0.5, 1, 1, 7], "texture": "#0"},
				"west": {"uv": [8, 0.66667, 0.66667, 6], "texture": "#0"},
				"up": {"uv": [1, 1, 9, 1.5], "rotation": 270, "texture": "#0"},
				"down": {"uv": [1, 6.5, 9, 7], "rotation": 270, "texture": "#0"}
			}
		}
	],
	"display": {
		"thirdperson_righthand": {
			"rotation": [25, 0, 0],
			"translation": [-0.5, 4.75, 4.25]
		},
		"thirdperson_lefthand": {
			"rotation": [25, 0, 0],
			"translation": [-0.5, 4.75, 4.25]
		},
		"firstperson_righthand": {
			"rotation": [-15, 0, 0],
			"translation": [5.25, -0.25, 0],
			"scale": [0.75, 0.75, 0.75]
		},
		"firstperson_lefthand": {
			"rotation": [-15, 0, 0],
			"translation": [5.25, -0.25, 0],
			"scale": [0.75, 0.75, 0.75]
		},
		"ground": {
			"rotation": [0, 0, 90],
			"translation": [3, -1.75, 0.25]
		},
		"gui": {
			"rotation": [30, 225, 0],
			"translation": [-1.5, -0.5, 0],
			"scale": [0.38, 0.38, 0.38]
		},
		"head": {
			"rotation": [0, 90, 0],
			"translation": [0.25, 7, 7.25],
			"scale": [1.66, 1.66, 1.66]
		},
		"fixed": {
			"rotation": [-90, 0, 0],
			"translation": [0, 0, -38],
			"scale": [2, 2, 2]
		}
	}
}