{
	"credit": "Made with Blockbench",
	"texture_size": [64, 64],
	"textures": {
		"particle": "./battle_shot"
	},
	"elements": [
		{
			"from": [7.5, 13.5, -1.75],
			"to": [8.5, 14.5, 1.25],
			"rotation": {"angle": 0, "axis": "y", "origin": [15.5, 21.5, 4.25]},
			"faces": {
				"east": {"uv": [4.5, 2.75, 3, 3.25], "texture": "#particle"},
				"west": {"uv": [3, 2.75, 4.5, 3.25], "texture": "#particle"},
				"up": {"uv": [3, 2.75, 4.5, 3], "rotation": 90, "texture": "#particle"},
				"down": {"uv": [3, 3, 4.5, 3.25], "rotation": 270, "texture": "#particle"}
			}
		},
		{
			"from": [7.25, 14.75, -4.25],
			"to": [8.75, 16.75, 15.75],
			"rotation": {"angle": 0, "axis": "y", "origin": [15.25, 22.75, 3.75]},
			"faces": {
				"north": {"uv": [10, 0, 10.75, 1], "texture": "#particle"},
				"east": {"uv": [16, 4.75, 6, 5.75], "texture": "#particle"},
				"south": {"uv": [10.75, 0, 11.5, 1], "texture": "#particle"},
				"west": {"uv": [0, 0, 10, 1], "texture": "#particle"},
				"up": {"uv": [0, 1, 10, 1.75], "rotation": 90, "texture": "#particle"},
				"down": {"uv": [0, 0.75, 10, 1], "rotation": 270, "texture": "#particle"}
			}
		},
		{
			"from": [7.25, 13.25, -3.75],
			"to": [8.75, 17.25, -1.75],
			"rotation": {"angle": 0, "axis": "y", "origin": [15, 21.25, 4.25]},
			"faces": {
				"north": {"uv": [1, 2.75, 2, 4.75], "texture": "#particle"},
				"east": {"uv": [1, 2.75, 0, 4.75], "texture": "#particle"},
				"south": {"uv": [2, 2.75, 3, 4.75], "texture": "#particle"},
				"west": {"uv": [0, 2.75, 1, 4.75], "texture": "#particle"},
				"up": {"uv": [0, 2.75, 1, 3], "rotation": 90, "texture": "#particle"},
				"down": {"uv": [0, 4.5, 1, 4.75], "rotation": 270, "texture": "#particle"}
			}
		},
		{
			"from": [7, 9.75, 7.25],
			"to": [9, 12.25, 10.75],
			"rotation": {"angle": 0, "axis": "y", "origin": [13.25, 16.25, 16.25]},
			"faces": {
				"north": {"uv": [1.75, 7.75, 2.75, 9], "texture": "#particle"},
				"east": {"uv": [1.75, 7.75, 0, 9], "texture": "#particle"},
				"south": {"uv": [2.75, 7.75, 3.75, 9], "texture": "#particle"},
				"west": {"uv": [0, 7.75, 1.75, 9], "texture": "#particle"},
				"down": {"uv": [0, 8.75, 1.75, 9], "rotation": 270, "texture": "#particle"}
			}
		},
		{
			"from": [6.75, 12.25, 6.75],
			"to": [9.25, 15.75, 11.75],
			"rotation": {"angle": 0, "axis": "y", "origin": [14.5, 20.25, 15.75]},
			"faces": {
				"north": {"uv": [2.5, 4.75, 3.75, 6.5], "texture": "#particle"},
				"east": {"uv": [2.5, 4.75, 0, 6.5], "texture": "#particle"},
				"south": {"uv": [3.75, 4.75, 5, 6.5], "texture": "#particle"},
				"west": {"uv": [0, 4.75, 2.5, 6.5], "texture": "#particle"},
				"up": {"uv": [0, 4.75, 2.5, 5], "rotation": 90, "texture": "#particle"},
				"down": {"uv": [0, 6.5, 2.5, 7.75], "rotation": 270, "texture": "#particle"}
			}
		},
		{
			"from": [7, 13.25, 11.75],
			"to": [9, 15.75, 16.25],
			"rotation": {"angle": 0, "axis": "y", "origin": [14.75, 20.75, 15.25]},
			"faces": {
				"east": {"uv": [4.75, 6.5, 2.5, 7.75], "texture": "#particle"},
				"south": {"uv": [4.5, 6.5, 4.75, 7.75], "texture": "#particle"},
				"west": {"uv": [2.5, 6.5, 4.75, 7.75], "texture": "#particle"},
				"up": {"uv": [2.5, 6.5, 4.75, 6.75], "rotation": 90, "texture": "#particle"},
				"down": {"uv": [2.5, 7.5, 4.75, 7.75], "rotation": 270, "texture": "#particle"}
			}
		},
		{
			"from": [7, 13.25, 1.25],
			"to": [9, 15.25, 6.75],
			"rotation": {"angle": 0, "axis": "y", "origin": [14.75, 20.75, 4.75]},
			"faces": {
				"north": {"uv": [0, 9, 0.25, 10], "texture": "#particle"},
				"east": {"uv": [2.75, 9, 0, 10], "texture": "#particle"},
				"south": {"uv": [2.5, 9, 2.75, 10], "texture": "#particle"},
				"west": {"uv": [0, 9, 2.75, 10], "texture": "#particle"},
				"up": {"uv": [0, 9, 2.75, 9.25], "rotation": 90, "texture": "#particle"},
				"down": {"uv": [0, 10, 2.75, 11], "rotation": 270, "texture": "#particle"}
			}
		},
		{
			"from": [7, 11.75, 16.75],
			"to": [9, 14.75, 19.75],
			"rotation": {"angle": -22.5, "axis": "x", "origin": [8.5, 14.75, 19.75]},
			"faces": {
				"north": {"uv": [4.75, 6.5, 5, 8], "texture": "#particle"},
				"east": {"uv": [6.25, 6.5, 4.75, 8], "texture": "#particle"},
				"west": {"uv": [4.75, 6.5, 6.25, 8], "texture": "#particle"},
				"up": {"uv": [4.75, 6.5, 6.25, 6.75], "rotation": 90, "texture": "#particle"},
				"down": {"uv": [4.75, 7.75, 6.25, 8], "rotation": 270, "texture": "#particle"}
			}
		},
		{
			"from": [8, 17.25, -4.25],
			"to": [8, 18.75, -2.25],
			"rotation": {"angle": 0, "axis": "y", "origin": [16, 25.25, 4.25]},
			"faces": {
				"north": {"uv": [0, 0, 0, 2], "texture": "#particle"},
				"east": {"uv": [11, 1.25, 10, 2], "texture": "#particle"},
				"south": {"uv": [0, 0, 0, 2], "texture": "#particle"},
				"west": {"uv": [10, 1.25, 11, 2], "texture": "#particle"},
				"up": {"uv": [0, 0, 0, 3], "texture": "#particle"},
				"down": {"uv": [0, 0, 0, 3], "texture": "#particle"}
			}
		},
		{
			"from": [6.75, 11.75, 19.75],
			"to": [9.25, 14.75, 27.25],
			"rotation": {"angle": 0, "axis": "x", "origin": [8.75, 12.5, 25.25]},
			"faces": {
				"north": {"uv": [2.75, 9, 3, 10.5], "texture": "#particle"},
				"east": {"uv": [6.5, 9, 2.75, 10.5], "texture": "#particle"},
				"south": {"uv": [6.5, 9, 7.75, 10.5], "texture": "#particle"},
				"west": {"uv": [2.75, 9, 6.5, 10.5], "texture": "#particle"},
				"up": {"uv": [2.75, 10.5, 6.5, 11.75], "rotation": 90, "texture": "#particle"},
				"down": {"uv": [2.75, 10.25, 6.5, 10.5], "rotation": 270, "texture": "#particle"}
			}
		},
		{
			"from": [6.25, 15.75, 10.25],
			"to": [7.25, 16.25, 10.25],
			"rotation": {"angle": 0, "axis": "z", "origin": [7.25, 16.25, 7.25]},
			"faces": {
				"north": {"uv": [10.5, 1, 10, 1.25], "rotation": 180, "texture": "#particle"},
				"east": {"uv": [15, 0.75, 13.5, 1.25], "rotation": 180, "texture": "#particle"},
				"south": {"uv": [10, 1, 10.5, 1.25], "rotation": 180, "texture": "#particle"},
				"west": {"uv": [13.5, 0.75, 15, 1.25], "rotation": 180, "texture": "#particle"},
				"up": {"uv": [0, 0, 0, 3], "rotation": 180, "texture": "#particle"},
				"down": {"uv": [0, 0, 0, 3], "rotation": 180, "texture": "#particle"}
			}
		},
		{
			"from": [8, 11.75, 13.25],
			"to": [8, 13.25, 16.25],
			"rotation": {"angle": 0, "axis": "y", "origin": [16, 19.25, 21.25]},
			"faces": {
				"north": {"uv": [0, 0, 0, 2.5], "texture": "#particle"},
				"east": {"uv": [11.5, 2, 10, 2.75], "texture": "#particle"},
				"south": {"uv": [0, 0, 0, 2.5], "texture": "#particle"},
				"west": {"uv": [10, 2, 11.5, 2.75], "texture": "#particle"},
				"up": {"uv": [0, 0, 0, 4.5], "texture": "#particle"},
				"down": {"uv": [0, 0, 0, 4.5], "texture": "#particle"}
			}
		},
		{
			"from": [7.25, 13.25, 21.25],
			"to": [8.75, 16.25, 27.75],
			"rotation": {"angle": 22.5, "axis": "x", "origin": [7.25, 15.75, 16.25]},
			"faces": {
				"east": {"uv": [5.75, 14.5, 2.5, 16], "texture": "#particle"},
				"south": {"uv": [5.75, 14.5, 6.5, 16], "texture": "#particle"},
				"west": {"uv": [2.5, 14.5, 5.75, 16], "texture": "#particle"},
				"up": {"uv": [2.5, 14.5, 5.75, 14.75], "rotation": 90, "texture": "#particle"},
				"down": {"uv": [2.5, 14.5, 5.75, 13.75], "rotation": 270, "texture": "#particle"}
			}
		},
		{
			"from": [7.25, 13.25, 16.25],
			"to": [8.75, 15.75, 21.25],
			"rotation": {"angle": 22.5, "axis": "x", "origin": [7.25, 15.75, 16.25]},
			"faces": {
				"east": {"uv": [2.5, 14.75, 0, 16], "texture": "#particle"},
				"west": {"uv": [0, 14.75, 2.5, 16], "texture": "#particle"},
				"up": {"uv": [0, 14, 2.5, 14.75], "rotation": 90, "texture": "#particle"},
				"down": {"uv": [0, 14, 2.5, 13.25], "rotation": 270, "texture": "#particle"}
			}
		}
	],
	"display": {
		"thirdperson_righthand": {
			"rotation": [40, 20, 2.5],
			"translation": [-2.75, 0, -6.25],
			"scale": [0.8, 0.8, 0.8]
		},
		"thirdperson_lefthand": {
			"rotation": [51.5, 1, 2.5],
			"translation": [0, 1.5, -6.25],
			"scale": [0.8, 0.8, 0.8]
		},
		"firstperson_righthand": {
			"rotation": [2.5, -0.5, 2],
			"translation": [0, -4.25, -6.5]
		},
		"firstperson_lefthand": {
			"rotation": [2.5, -0.5, 2],
			"translation": [0, -4.25, -6.5]
		},
		"ground": {
			"rotation": [0, 0, 90],
			"translation": [5.75, -1.5, -2],
			"scale": [0.8, 0.8, 0.8]
		},
		"gui": {
			"rotation": [-30, 130, 4],
			"translation": [-1.75, -2.75, 0],
			"scale": [0.57, 0.57, 0.57]
		},
		"head": {
			"rotation": [95.5, -33, 90],
			"translation": [8.25, -12.75, 6.5]
		},
		"fixed": {
			"rotation": [0, 90, 0],
			"translation": [-3.75, -6.75, -1.5]
		}
	}
}