{
	"credit": "Made with Blockbench",
	"texture_size": [32, 32],
	"textures": {
		"0": "./laptop",
		"particle": "./laptop"
	},
	"elements": [
		{
			"from": [1.5, 2, 13],
			"to": [14.5, 12, 15],
			"rotation": {"angle": 0, "axis": "y", "origin": [1.5, 2, 13]},
			"faces": {
				"north": {"uv": [0, 0, 6.5, 5], "texture": "#0"},
				"east": {"uv": [6.5, 0, 7.5, 5], "texture": "#0"},
				"south": {"uv": [8.5, 0, 15, 5], "texture": "#0"},
				"west": {"uv": [7.5, 5, 6.5, 10], "texture": "#0"},
				"up": {"uv": [0, 10, 6.5, 11], "rotation": 180, "texture": "#0"},
				"down": {"uv": [0, 12, 6.5, 13], "texture": "#0"}
			}
		},
		{
			"from": [4.5, 12, 13],
			"to": [11.5, 15, 13],
			"rotation": {"angle": 0, "axis": "y", "origin": [13.5, 20, 22]},
			"faces": {
				"north": {"uv": [6.5, 10, 10, 11.5], "texture": "#0"},
				"east": {"uv": [5.66667, 11.33333, 7.33333, 16], "texture": "#0"},
				"south": {"uv": [10, 10, 6.5, 11.5], "texture": "#0"},
				"west": {"uv": [7.33333, 11.33333, 5.66667, 16], "texture": "#0"},
				"up": {"uv": [7.33333, 14.33333, 13, 16], "texture": "#0"},
				"down": {"uv": [7.33333, 12.66667, 13, 14.33333], "texture": "#0"}
			}
		},
		{
			"from": [1.5, 0, 3],
			"to": [14.5, 2, 13],
			"rotation": {"angle": 0, "axis": "y", "origin": [10.5, 8, 12]},
			"faces": {
				"north": {"uv": [0, 11, 6.5, 12], "texture": "#0"},
				"east": {"uv": [7.5, 0, 8.5, 5], "rotation": 90, "texture": "#0"},
				"south": {"uv": [0, 13, 6.5, 14], "texture": "#0"},
				"west": {"uv": [8.5, 0, 7.5, 5], "rotation": 270, "texture": "#0"},
				"up": {"uv": [0, 5, 6.5, 10], "rotation": 180, "texture": "#0"},
				"down": {"uv": [8.5, 5, 15, 10], "texture": "#0"}
			}
		}
	],
	"display": {
		"thirdperson_righthand": {
			"rotation": [21, 62, 0],
			"translation": [-1.25, 5.25, -3.25]
		},
		"thirdperson_lefthand": {
			"rotation": [67, 92.5, 4.5],
			"translation": [-4.75, -3.75, -3.75]
		},
		"firstperson_righthand": {
			"rotation": [0, 105, 11],
			"translation": [6.5, 4.5, -2]
		},
		"firstperson_lefthand": {
			"rotation": [0, 90, 0],
			"translation": [2.25, -4, -3.25]
		},
		"ground": {
			"translation": [0, 5, 0]
		},
		"gui": {
			"rotation": [35, 135, 0],
			"translation": [-0.5, 1, 0],
			"scale": [0.77, 0.77, 0.77]
		},
		"head": {
			"translation": [0, 19.5, 0],
			"scale": [1.66, 1.66, 1.66]
		},
		"fixed": {
			"rotation": [-90, 0, 0],
			"translation": [0, -2, -14],
			"scale": [2, 2, 2]
		}
	}
}